Data;Ultimo;Abertura;Max;Min;Vol;Var(%);
31.07.2020;3.836,89;3.889,74;3.909,35;3.823,78;-;-1,36;
30.07.2020;3.889,67;3.876,78;3.889,67;3.832,95;-;0,33;
29.07.2020;3.876,78;3.831,64;3.878,90;3.831,64;-;1,18;
28.07.2020;3.831,64;3.835,85;3.843,78;3.801,12;-;-0,11;
27.07.2020;3.835,85;3.788,31;3.859,32;3.788,31;-;1,25;
24.07.2020;3.788,32;3.801,13;3.801,13;3.727,48;-;-0,34;
23.07.2020;3.801,13;3.880,48;3.911,39;3.792,31;-;-2,05;
22.07.2020;3.880,49;3.867,11;3.904,70;3.838,40;-;0,35;
21.07.2020;3.867,12;3.902,51;3.937,35;3.840,32;-;-0,91;
20.07.2020;3.902,50;3.827,15;3.902,50;3.825,89;-;2,04;
17.07.2020;3.824,57;3.720,60;3.827,62;3.720,60;-;2,79;
16.07.2020;3.720,58;3.754,65;3.754,65;3.697,94;-;-0,91;
15.07.2020;3.754,63;3.712,24;3.764,31;3.712,24;-;1,15;
14.07.2020;3.712,02;3.651,38;3.717,42;3.632,86;-;1,66;
13.07.2020;3.651,34;3.688,59;3.729,53;3.651,34;-;-1,01;
10.07.2020;3.688,59;3.658,16;3.691,05;3.651,99;-;0,83;
09.07.2020;3.658,16;3.679,08;3.690,08;3.647,86;-;-0,57;
08.07.2020;3.678,95;3.610,61;3.682,93;3.610,61;-;1,90;
07.07.2020;3.610,40;3.624,43;3.638,91;3.588,59;-;-0,39;
06.07.2020;3.624,38;3.571,49;3.644,87;3.571,49;-;1,48;
03.07.2020;3.571,49;3.539,20;3.571,72;3.527,85;-;0,92;
02.07.2020;3.539,09;3.550,27;3.601,38;3.531,33;-;-0,31;
01.07.2020;3.550,27;3.506,62;3.558,24;3.506,62;-;1,25;
30.06.2020;3.506,50;3.503,97;3.539,77;3.474,35;-;0,06;
29.06.2020;3.504,40;3.450,02;3.504,40;3.435,40;-;1,58;
26.06.2020;3.449,89;3.523,83;3.526,54;3.436,72;-;-2,10;
25.06.2020;3.524,06;3.469,71;3.533,41;3.455,46;-;1,57;
24.06.2020;3.469,45;3.506,55;3.516,27;3.420,98;-;-1,06;
23.06.2020;3.506,55;3.479,43;3.546,87;3.479,43;-;0,78;
22.06.2020;3.479,27;3.506,47;3.523,12;3.463,98;-;-0,77;
19.06.2020;3.506,41;3.485,01;3.533,77;3.485,01;-;0,63;
18.06.2020;3.484,32;3.479,97;3.522,19;3.445,07;-;0,13;
17.06.2020;3.479,97;3.391,48;3.506,19;3.391,48;-;2,61;
16.06.2020;3.391,49;3.380,92;3.475,58;3.374,83;-;0,32;
15.06.2020;3.380,77;3.376,25;3.401,05;3.289,46;-;0,13;
12.06.2020;3.376,40;3.440,62;3.440,62;3.300,66;-;-1,87;
10.06.2020;3.440,64;3.496,56;3.525,80;3.432,86;-;-1,60;
09.06.2020;3.496,52;3.508,75;3.513,54;3.434,87;-;-0,35;
08.06.2020;3.508,86;3.414,78;3.510,97;3.414,78;-;2,76;
05.06.2020;3.414,77;3.407,08;3.500,41;3.407,08;-;0,23;
04.06.2020;3.406,98;3.380,24;3.412,33;3.356,03;-;0,79;
03.06.2020;3.380,36;3.301,00;3.394,54;3.301,00;-;2,41;
02.06.2020;3.300,91;3.245,72;3.304,73;3.245,72;-;1,70;
01.06.2020;3.245,59;3.207,05;3.257,86;3.186,88;-;1,19;
29.05.2020;3.207,46;3.186,41;3.207,99;3.139,14;-;0,66;
28.05.2020;3.186,34;3.217,59;3.221,87;3.173,27;-;-0,97;
27.05.2020;3.217,59;3.124,25;3.217,59;3.124,25;-;2,98;
26.05.2020;3.124,33;3.106,02;3.178,85;3.106,02;-;0,59;
25.05.2020;3.105,99;2.988,08;3.115,52;2.988,08;-;3,95;
22.05.2020;2.988,02;3.024,27;3.024,27;2.971,42;-;-1,20;
21.05.2020;3.024,28;2.965,15;3.025,91;2.963,78;-;1,99;
20.05.2020;2.965,14;2.951,52;3.007,94;2.951,51;-;0,46;
19.05.2020;2.951,63;2.944,37;2.999,06;2.937,36;-;0,25;
18.05.2020;2.944,38;2.828,61;2.951,99;2.828,61;-;4,09;
15.05.2020;2.828,58;2.862,37;2.872,87;2.802,27;-;-1,18;
14.05.2020;2.862,43;2.827,84;2.862,43;2.763,35;-;1,21;
13.05.2020;2.828,30;2.820,88;2.860,89;2.805,88;-;0,27;
12.05.2020;2.820,61;2.855,83;2.904,49;2.820,61;-;-1,23;
11.05.2020;2.855,83;2.901,38;2.901,38;2.849,43;-;-1,57;
08.05.2020;2.901,38;2.853,98;2.911,98;2.853,98;-;1,66;
07.05.2020;2.853,94;2.884,76;2.929,87;2.853,94;-;-1,07;
06.05.2020;2.884,76;2.877,14;2.904,28;2.834,62;-;0,27;
05.05.2020;2.877,05;2.878,65;2.933,30;2.864,20;-;-0,05;
04.05.2020;2.878,53;2.925,81;2.925,81;2.825,26;-;-1,62;
30.04.2020;2.925,81;3.019,73;3.019,73;2.913,35;-;-3,11;
29.04.2020;3.019,74;2.960,64;3.036,31;2.960,64;-;2,00;
28.04.2020;2.960,61;2.884,88;2.982,17;2.884,88;-;2,63;
27.04.2020;2.884,88;2.773,90;2.894,47;2.773,90;-;4,00;
24.04.2020;2.773,90;2.919,86;2.919,86;2.627,72;-;-5,00;
23.04.2020;2.919,92;2.966,26;3.016,18;2.878,35;-;-1,56;
22.04.2020;2.966,09;2.882,24;2.977,96;2.881,56;-;2,91;
20.04.2020;2.882,24;2.853,60;2.917,82;2.785,41;-;1,00;
17.04.2020;2.853,62;2.816,09;2.883,26;2.816,09;-;1,33;
16.04.2020;2.816,09;2.829,25;2.879,56;2.797,79;-;-0,45;
15.04.2020;2.828,96;2.840,60;2.860,69;2.762,56;-;-0,41;
14.04.2020;2.840,69;2.793,79;2.897,37;2.793,79;-;1,70;
13.04.2020;2.793,15;2.764,33;2.793,15;2.716,57;-;1,04;
09.04.2020;2.764,34;2.782,94;2.828,26;2.753,27;-;-0,64;
08.04.2020;2.782,12;2.713,25;2.795,53;2.700,96;-;2,49;
07.04.2020;2.714,52;2.635,19;2.842,38;2.635,19;-;3,01;
06.04.2020;2.635,19;2.475,06;2.685,71;2.475,05;-;6,47;
03.04.2020;2.475,06;2.575,28;2.575,52;2.418,63;-;-3,89;
02.04.2020;2.575,26;2.551,07;2.617,46;2.527,34;-;0,95;
01.04.2020;2.550,97;2.622,94;2.622,94;2.490,49;-;-2,75;
31.03.2020;2.623,19;2.697,17;2.715,25;2.596,58;-;-2,74;
30.03.2020;2.697,17;2.677,09;2.752,14;2.668,55;-;0,75;
27.03.2020;2.677,02;2.821,52;2.821,52;2.655,83;-;-5,12;
26.03.2020;2.821,52;2.712,51;2.857,82;2.711,41;-;4,02;
25.03.2020;2.712,49;2.507,41;2.752,65;2.499,33;-;8,18;
24.03.2020;2.507,32;2.292,69;2.562,76;2.292,69;-;9,36;
23.03.2020;2.292,65;2.403,55;2.417,51;2.234,71;-;-4,62;
20.03.2020;2.403,68;2.426,37;2.595,85;2.365,53;-;-0,93;
19.03.2020;2.426,24;2.355,79;2.468,73;2.168,43;-;2,99;
18.03.2020;2.355,80;2.666,81;2.666,81;2.228,76;-;-11,66;
17.03.2020;2.666,82;2.546,88;2.736,89;2.520,86;-;4,73;
16.03.2020;2.546,37;2.972,33;2.972,33;2.517,73;-;-14,33;
13.03.2020;2.972,34;2.632,67;3.031,46;2.632,67;-;12,90;
12.03.2020;2.632,62;3.096,97;3.096,97;2.466,60;-;-15,00;
11.03.2020;3.097,13;3.332,62;3.332,62;2.924,73;-;-7,07;
10.03.2020;3.332,62;3.061,97;3.332,79;3.061,97;-;8,84;
09.03.2020;3.061,91;3.456,48;3.456,48;3.052,91;-;-11,42;
06.03.2020;3.456,56;3.601,38;3.601,38;3.405,33;-;-4,02;
05.03.2020;3.601,40;3.799,68;3.799,68;3.535,44;-;-5,22;
04.03.2020;3.799,83;3.752,11;3.834,48;3.719,97;-;1,27;
03.03.2020;3.752,01;3.779,52;3.879,67;3.709,88;-;-0,72;
02.03.2020;3.779,26;3.681,03;3.799,95;3.659,48;-;2,67;
28.02.2020;3.681,03;3.648,30;3.681,03;3.512,85;-;0,90;
27.02.2020;3.648,32;3.752,48;3.778,98;3.647,48;-;-2,79;
26.02.2020;3.752,90;4.033,34;4.033,34;3.724,92;-;-6,95;
21.02.2020;4.033,35;4.055,25;4.055,25;3.983,98;-;-0,55;
20.02.2020;4.055,50;4.120,34;4.120,84;4.045,66;-;-1,57;
19.02.2020;4.120,34;4.063,98;4.120,74;4.054,80;-;1,39;
18.02.2020;4.063,72;4.085,97;4.085,97;4.020,70;-;-0,54;
17.02.2020;4.085,97;4.023,62;4.094,19;4.023,62;-;1,55;
14.02.2020;4.023,58;4.057,40;4.057,47;4.004,47;-;-0,83;
13.02.2020;4.057,41;4.071,74;4.071,74;3.999,00;-;-0,37;
12.02.2020;4.072,54;4.010,76;4.103,32;4.010,76;-;1,54;
11.02.2020;4.010,73;3.891,88;4.015,97;3.891,88;-;3,06;
10.02.2020;3.891,70;3.982,19;3.985,21;3.875,76;-;-2,27;
07.02.2020;3.982,19;4.064,11;4.064,11;3.978,78;-;-2,02;
06.02.2020;4.064,28;4.108,85;4.147,18;4.044,37;-;-1,08;
05.02.2020;4.108,70;4.089,03;4.149,90;4.089,03;-;0,49;
04.02.2020;4.088,74;4.059,05;4.129,58;4.059,05;-;0,73;
03.02.2020;4.058,99;4.001,65;4.075,01;3.985,66;-;1,43;
31.01.2020;4.001,65;4.057,94;4.057,94;3.982,34;-;-1,40;
30.01.2020;4.058,49;4.076,34;4.076,34;3.965,36;-;-0,44;
29.01.2020;4.076,45;4.107,29;4.132,27;4.066,62;-;-0,75;
28.01.2020;4.107,25;4.023,68;4.111,45;4.023,68;-;2,08;
27.01.2020;4.023,62;4.158,56;4.158,56;4.018,19;-;-3,25;
24.01.2020;4.158,58;4.205,25;4.207,13;4.155,92;-;-1,11;
23.01.2020;4.205,25;4.174,74;4.205,25;4.111,53;-;0,73;
22.01.2020;4.174,74;4.117,42;4.174,74;4.117,42;-;1,39;
21.01.2020;4.117,42;4.161,59;4.161,59;4.116,01;-;-1,06;
20.01.2020;4.161,59;4.122,80;4.161,59;4.110,42;-;0,94;
17.01.2020;4.122,80;4.062,43;4.122,80;4.062,43;-;1,49;
16.01.2020;4.062,12;4.061,14;4.083,35;4.033,47;-;0,03;
15.01.2020;4.061,07;4.082,74;4.083,04;4.046,43;-;-0,53;
14.01.2020;4.082,74;4.054,72;4.082,74;4.046,47;-;0,69;
13.01.2020;4.054,66;3.980,90;4.055,33;3.980,90;-;1,85;
10.01.2020;3.980,95;3.987,42;4.016,81;3.956,51;-;-0,16;
09.01.2020;3.987,39;3.982,45;4.003,09;3.971,03;-;0,12;
08.01.2020;3.982,42;3.981,55;3.997,08;3.955,43;-;0,03;
07.01.2020;3.981,25;3.966,34;3.984,43;3.943,97;-;0,38;
06.01.2020;3.966,27;4.004,19;4.004,19;3.949,29;-;-0,95;
03.01.2020;4.004,14;4.014,72;4.028,40;3.962,43;-;-0,27;
02.01.2020;4.015,18;3.915,64;4.015,18;3.915,64;-;2,55;
30.12.2019;3.915,29;3.946,98;3.955,31;3.914,73;-;-0,80;
27.12.2019;3.946,99;3.969,55;3.987,73;3.923,96;-;-0,57;
26.12.2019;3.969,54;3.925,11;3.970,84;3.922,18;-;1,13;
23.12.2019;3.925,11;3.905,06;3.925,11;3.894,47;-;0,51;
20.12.2019;3.905,18;3.890,26;3.906,15;3.876,85;-;0,39;
19.12.2019;3.890,16;3.858,95;3.890,77;3.836,72;-;0,81;
18.12.2019;3.859,03;3.804,60;3.859,03;3.795,95;-;1,43;
17.12.2019;3.804,46;3.793,25;3.809,07;3.782,98;-;0,30;
16.12.2019;3.793,23;3.790,92;3.819,95;3.790,92;-;0,06;
13.12.2019;3.790,90;3.763,04;3.792,86;3.763,04;-;0,74;
12.12.2019;3.763,04;3.719,64;3.768,91;3.719,64;-;1,17;
11.12.2019;3.719,59;3.688,86;3.719,84;3.688,29;-;0,84;
10.12.2019;3.688,77;3.698,03;3.698,03;3.674,13;-;-0,26;
09.12.2019;3.698,35;3.720,27;3.731,98;3.692,47;-;-0,59;
06.12.2019;3.720,31;3.693,47;3.723,75;3.693,47;-;0,73;
05.12.2019;3.693,44;3.681,84;3.700,11;3.671,34;-;0,31;
04.12.2019;3.682,04;3.666,28;3.688,38;3.666,28;-;0,43;
03.12.2019;3.666,31;3.654,41;3.667,40;3.630,47;-;0,33;
02.12.2019;3.654,24;3.633,15;3.664,18;3.633,15;-;0,58;
29.11.2019;3.633,15;3.636,19;3.647,99;3.613,73;-;-0,07;
28.11.2019;3.635,85;3.605,27;3.635,86;3.596,93;-;0,85;
27.11.2019;3.605,21;3.587,14;3.608,90;3.553,31;-;0,50;
26.11.2019;3.587,14;3.615,54;3.615,54;3.556,61;-;-0,79;
25.11.2019;3.615,68;3.605,63;3.617,80;3.596,16;-;0,28;
22.11.2019;3.605,64;3.563,74;3.605,64;3.559,91;-;1,17;
21.11.2019;3.563,77;3.516,89;3.563,77;3.515,77;-;1,34;
19.11.2019;3.516,79;3.522,42;3.545,89;3.499,28;-;-0,16;
18.11.2019;3.522,45;3.528,48;3.559,91;3.520,91;-;-0,17;
14.11.2019;3.528,43;3.491,18;3.528,52;3.489,39;-;1,06;
13.11.2019;3.491,59;3.510,16;3.513,77;3.464,19;-;-0,53;
12.11.2019;3.510,16;3.568,88;3.569,25;3.492,81;-;-1,65;
11.11.2019;3.568,88;3.540,90;3.569,07;3.510,46;-;0,78;
08.11.2019;3.541,30;3.592,13;3.592,13;3.523,04;-;-1,43;
07.11.2019;3.592,59;3.561,99;3.605,06;3.561,99;-;0,86;
06.11.2019;3.562,00;3.561,55;3.575,15;3.526,97;-;0,01;
05.11.2019;3.561,55;3.579,64;3.581,75;3.540,80;-;-0,51;
04.11.2019;3.579,67;3.562,12;3.593,65;3.562,12;-;0,49;
01.11.2019;3.562,11;3.504,61;3.567,19;3.504,61;-;1,64;
31.10.2019;3.504,61;3.531,47;3.531,47;3.480,42;-;-0,76;
30.10.2019;3.531,45;3.502,06;3.531,49;3.484,18;-;0,84;
29.10.2019;3.502,02;3.518,15;3.518,68;3.495,11;-;-0,46;
28.10.2019;3.518,03;3.508,68;3.527,95;3.507,57;-;0,27;
25.10.2019;3.508,57;3.500,96;3.524,89;3.496,75;-;0,22;
24.10.2019;3.500,91;3.522,75;3.529,93;3.486,68;-;-0,61;
23.10.2019;3.522,44;3.534,95;3.536,71;3.505,68;-;-0,35;
22.10.2019;3.534,95;3.515,72;3.544,08;3.513,38;-;0,55;
21.10.2019;3.515,69;3.472,81;3.516,17;3.469,29;-;1,23;
18.10.2019;3.472,82;3.468,42;3.485,65;3.456,84;-;0,12;
17.10.2019;3.468,49;3.467,87;3.484,42;3.465,20;-;0,01;
16.10.2019;3.468,04;3.452,26;3.470,30;3.416,31;-;0,46;
15.10.2019;3.452,24;3.463,21;3.472,04;3.450,49;-;-0,32;
14.10.2019;3.463,38;3.461,24;3.466,60;3.447,44;-;0,07;
11.10.2019;3.461,10;3.384,56;3.472,61;3.384,56;-;2,27;
10.10.2019;3.384,30;3.371,68;3.406,77;3.366,82;-;0,37;
09.10.2019;3.371,95;3.343,42;3.377,33;3.343,42;-;0,86;
08.10.2019;3.343,16;3.364,15;3.380,31;3.336,33;-;-0,64;
07.10.2019;3.364,61;3.433,98;3.433,98;3.362,24;-;-2,02;
04.10.2019;3.434,06;3.389,29;3.435,48;3.380,82;-;1,32;
03.10.2019;3.389,28;3.359,77;3.389,28;3.320,41;-;0,88;
02.10.2019;3.359,75;3.449,67;3.449,67;3.357,04;-;-2,61;
01.10.2019;3.449,67;3.461,85;3.471,81;3.441,08;-;-0,35;
30.09.2019;3.461,79;3.451,50;3.472,52;3.447,48;-;0,30;
27.09.2019;3.451,51;3.459,73;3.472,24;3.436,15;-;-0,24;
26.09.2019;3.459,73;3.446,15;3.461,52;3.435,93;-;0,40;
25.09.2019;3.446,08;3.435,50;3.446,52;3.407,57;-;0,30;
24.09.2019;3.435,62;3.452,01;3.461,31;3.421,08;-;-0,47;
23.09.2019;3.451,89;3.467,04;3.467,04;3.442,53;-;-0,44;
20.09.2019;3.467,05;3.447,21;3.467,05;3.433,62;-;0,58;
19.09.2019;3.447,20;3.439,50;3.482,77;3.439,50;-;0,24;
18.09.2019;3.439,06;3.428,00;3.439,06;3.404,54;-;0,33;
17.09.2019;3.427,90;3.388,84;3.427,98;3.374,98;-;1,15;
16.09.2019;3.388,88;3.389,15;3.404,92;3.351,36;-;-0,01;
13.09.2019;3.389,15;3.425,10;3.433,78;3.380,12;-;-1,05;
12.09.2019;3.425,09;3.394,86;3.430,39;3.394,86;-;0,90;
11.09.2019;3.394,69;3.357,99;3.400,84;3.357,99;-;1,10;
10.09.2019;3.357,74;3.348,53;3.357,74;3.319,40;-;0,27;
09.09.2019;3.348,57;3.381,60;3.396,23;3.331,19;-;-0,97;
06.09.2019;3.381,53;3.387,84;3.401,85;3.374,40;-;-0,18;
05.09.2019;3.387,63;3.369,35;3.411,51;3.369,35;-;0,54;
04.09.2019;3.369,27;3.329,04;3.369,27;3.329,04;-;1,21;
03.09.2019;3.329,04;3.362,56;3.388,26;3.319,83;-;-1,00;
02.09.2019;3.362,53;3.362,89;3.382,71;3.360,10;-;-0,02;
30.08.2019;3.363,07;3.334,09;3.376,82;3.334,09;-;0,87;
29.08.2019;3.334,01;3.254,40;3.339,19;3.254,40;-;2,45;
28.08.2019;3.254,37;3.215,25;3.254,76;3.190,42;-;1,22;
27.08.2019;3.215,26;3.191,16;3.228,87;3.165,80;-;0,76;
26.08.2019;3.190,91;3.239,71;3.265,33;3.176,49;-;-1,51;
23.08.2019;3.239,71;3.320,14;3.320,14;3.219,59;-;-2,42;
22.08.2019;3.320,15;3.351,91;3.357,58;3.319,92;-;-0,94;
21.08.2019;3.351,53;3.297,38;3.351,65;3.297,38;-;1,64;
20.08.2019;3.297,29;3.292,71;3.304,66;3.244,26;-;0,14;
19.08.2019;3.292,71;3.304,06;3.341,01;3.277,74;-;-0,34;
16.08.2019;3.303,86;3.264,27;3.311,47;3.259,68;-;1,22;
15.08.2019;3.264,15;3.308,17;3.340,21;3.230,65;-;-1,32;
14.08.2019;3.307,96;3.409,07;3.409,07;3.300,28;-;-2,97;
13.08.2019;3.409,07;3.363,23;3.415,98;3.347,94;-;1,36;
12.08.2019;3.363,24;3.405,85;3.405,85;3.346,97;-;-1,25;
09.08.2019;3.405,91;3.391,23;3.422,52;3.388,86;-;0,43;
08.08.2019;3.391,23;3.334,53;3.394,69;3.334,53;-;1,70;
07.08.2019;3.334,53;3.323,37;3.334,70;3.271,42;-;0,33;
06.08.2019;3.323,41;3.249,72;3.323,41;3.249,72;-;2,26;
05.08.2019;3.249,89;3.331,60;3.331,60;3.233,19;-;-2,46;
02.08.2019;3.331,77;3.321,79;3.334,10;3.294,82;-;0,29;
01.08.2019;3.321,98;3.299,06;3.368,19;3.299,06;-;0,71;
31.07.2019;3.298,69;3.318,92;3.324,77;3.265,73;-;-0,61;
30.07.2019;3.318,92;3.309,01;3.332,03;3.299,46;-;0,30;
29.07.2019;3.309,00;3.288,32;3.309,14;3.276,92;-;0,63;
26.07.2019;3.288,41;3.270,52;3.297,09;3.268,07;-;0,55;
25.07.2019;3.270,56;3.305,02;3.317,12;3.256,63;-;-1,04;
24.07.2019;3.305,01;3.284,45;3.309,36;3.284,39;-;0,63;
23.07.2019;3.284,48;3.305,05;3.316,28;3.280,29;-;-0,61;
22.07.2019;3.304,74;3.293,29;3.313,04;3.291,59;-;0,35;
19.07.2019;3.293,32;3.324,80;3.327,73;3.289,75;-;-0,95;
18.07.2019;3.324,79;3.307,09;3.327,39;3.305,28;-;0,54;
17.07.2019;3.307,09;3.293,36;3.316,86;3.293,36;-;0,42;
16.07.2019;3.293,29;3.287,01;3.312,58;3.283,34;-;0,20;
15.07.2019;3.286,76;3.280,91;3.305,45;3.273,14;-;0,18;
12.07.2019;3.280,74;3.322,55;3.344,74;3.279,86;-;-1,26;
11.07.2019;3.322,55;3.357,85;3.363,13;3.320,31;-;-1,05;
10.07.2019;3.357,84;3.292,86;3.373,96;3.292,86;-;1,98;
08.07.2019;3.292,54;3.265,37;3.298,67;3.265,37;-;0,83;
05.07.2019;3.265,34;3.249,06;3.265,34;3.216,79;-;0,50;
04.07.2019;3.249,07;3.199,02;3.252,92;3.199,02;-;1,57;
03.07.2019;3.198,84;3.163,99;3.201,11;3.159,46;-;1,10;
02.07.2019;3.164,00;3.190,52;3.199,74;3.147,50;-;-0,83;
01.07.2019;3.190,38;3.163,65;3.206,42;3.163,65;-;0,85;
28.06.2019;3.163,60;3.149,58;3.175,13;3.149,58;-;0,45;
27.06.2019;3.149,58;3.132,53;3.154,34;3.107,39;-;0,54;
26.06.2019;3.132,53;3.129,05;3.157,55;3.122,35;-;0,11;
25.06.2019;3.129,05;3.196,20;3.196,20;3.128,61;-;-2,10;
24.06.2019;3.196,25;3.191,34;3.210,61;3.180,75;-;0,15;
21.06.2019;3.191,38;3.149,56;3.194,76;3.149,56;-;1,33;
19.06.2019;3.149,58;3.125,54;3.150,14;3.113,23;-;0,77;
18.06.2019;3.125,61;3.068,64;3.125,89;3.068,64;-;1,88;
17.06.2019;3.068,08;3.084,69;3.090,36;3.068,03;-;-0,54;
14.06.2019;3.084,84;3.115,95;3.121,62;3.076,10;-;-0,99;
13.06.2019;3.115,84;3.080,77;3.129,91;3.080,77;-;1,14;
12.06.2019;3.080,76;3.095,10;3.099,70;3.064,71;-;-0,46;
11.06.2019;3.095,10;3.038,33;3.097,34;3.038,33;-;1,87;
10.06.2019;3.038,26;3.037,55;3.050,77;3.028,47;-;0,02;
07.06.2019;3.037,56;3.024,77;3.053,19;3.021,04;-;0,42;
06.06.2019;3.024,77;2.997,94;3.027,81;2.997,85;-;0,89;
05.06.2019;2.997,94;3.038,14;3.049,58;2.987,06;-;-1,32;
04.06.2019;3.038,13;3.021,38;3.039,77;3.010,29;-;0,55;
03.06.2019;3.021,40;3.030,59;3.051,01;3.003,54;-;-0,30;
31.05.2019;3.030,60;3.041,28;3.057,57;3.021,75;-;-0,36;
30.05.2019;3.041,44;3.009,12;3.048,45;3.008,30;-;1,07;
29.05.2019;3.009,18;3.016,27;3.023,23;2.994,52;-;-0,23;
28.05.2019;3.016,25;2.978,67;3.025,98;2.978,54;-;1,26;
27.05.2019;2.978,73;2.933,94;2.989,91;2.933,94;-;1,54;
24.05.2019;2.933,66;2.935,12;2.968,65;2.929,64;-;-0,05;
23.05.2019;2.935,00;2.939,76;2.960,55;2.924,91;-;-0,16;
22.05.2019;2.939,79;2.937,00;2.968,93;2.934,83;-;0,12;
21.05.2019;2.936,35;2.883,77;2.949,31;2.883,77;-;1,82;
20.05.2019;2.883,75;2.836,28;2.894,61;2.831,71;-;1,67;
17.05.2019;2.836,26;2.830,30;2.870,11;2.818,86;-;0,21;
16.05.2019;2.830,33;2.883,90;2.883,96;2.822,68;-;-1,86;
15.05.2019;2.883,96;2.897,41;2.897,41;2.839,17;-;-0,47;
14.05.2019;2.897,67;2.879,26;2.904,07;2.876,90;-;0,64;
13.05.2019;2.879,22;2.915,24;2.915,24;2.876,41;-;-2,72;
10.05.2019;2.959,59;2.972,95;2.974,90;2.928,21;-;-0,45;
09.05.2019;2.972,97;2.975,14;2.980,72;2.941,07;-;-0,07;
08.05.2019;2.975,14;2.953,29;2.994,53;2.953,29;-;0,74;
07.05.2019;2.953,25;2.960,78;2.961,56;2.904,89;-;-0,27;
06.05.2019;2.961,22;2.980,50;2.980,50;2.938,70;-;-0,65;
03.05.2019;2.980,54;2.960,65;2.987,80;2.960,65;-;0,66;
02.05.2019;2.961,04;2.985,34;2.985,34;2.951,47;-;-0,81;
30.04.2019;2.985,34;2.975,88;2.987,55;2.961,47;-;0,32;
29.04.2019;2.975,68;2.967,11;2.996,62;2.967,11;-;0,29;
26.04.2019;2.967,04;2.973,01;2.975,74;2.947,42;-;-0,20;
25.04.2019;2.973,01;2.919,92;2.973,01;2.903,57;-;1,82;
24.04.2019;2.919,94;2.952,28;2.952,69;2.901,34;-;-1,10;
23.04.2019;2.952,29;2.907,07;2.957,77;2.907,07;-;1,56;
22.04.2019;2.906,94;2.911,54;2.912,82;2.883,84;-;-0,16;
18.04.2019;2.911,55;2.883,63;2.923,33;2.878,86;-;0,97;
17.04.2019;2.883,60;2.915,63;2.930,96;2.862,79;-;-1,09;
16.04.2019;2.915,45;2.872,52;2.930,45;2.870,05;-;1,49;
15.04.2019;2.872,57;2.864,99;2.883,17;2.856,99;-;0,27;
12.04.2019;2.864,74;2.891,77;2.902,95;2.855,57;-;-0,95;
11.04.2019;2.892,20;2.911,84;2.911,84;2.874,11;-;-0,67;
10.04.2019;2.911,81;2.912,57;2.927,61;2.897,92;-;-0,03;
09.04.2019;2.912,57;2.956,16;2.956,16;2.902,70;-;-1,48;
08.04.2019;2.956,21;2.951,96;2.965,05;2.938,00;-;0,15;
05.04.2019;2.951,86;2.937,52;2.967,68;2.937,52;-;0,50;
04.04.2019;2.937,18;2.896,14;2.937,52;2.890,20;-;1,44;
03.04.2019;2.895,54;2.913,85;2.945,21;2.883,27;-;-0,63;
02.04.2019;2.913,85;2.929,97;2.947,45;2.902,33;-;-0,55;
01.04.2019;2.929,96;2.899,66;2.937,17;2.899,66;-;1,06;
29.03.2019;2.899,21;2.862,22;2.910,89;2.862,22;-;1,31;
28.03.2019;2.861,69;2.808,78;2.878,99;2.801,29;-;1,88;
27.03.2019;2.808,80;2.899,11;2.899,11;2.806,01;-;-3,12;
26.03.2019;2.899,12;2.858,96;2.901,42;2.858,96;-;1,41;
25.03.2019;2.858,91;2.864,18;2.879,79;2.843,30;-;-0,18;
22.03.2019;2.864,19;2.936,05;2.936,05;2.852,31;-;-2,45;
21.03.2019;2.936,07;2.962,86;2.964,68;2.901,34;-;-0,90;
20.03.2019;2.962,86;3.009,40;3.009,40;2.959,54;-;-1,55;
19.03.2019;3.009,39;3.010,49;3.030,04;2.996,49;-;-0,04;
18.03.2019;3.010,46;2.993,49;3.010,46;2.987,38;-;0,57;
15.03.2019;2.993,49;2.977,64;3.004,30;2.977,64;-;0,53;
14.03.2019;2.977,64;2.980,34;2.984,47;2.952,52;-;-0,09;
13.03.2019;2.980,32;2.958,88;2.989,72;2.944,69;-;0,73;
12.03.2019;2.958,71;2.960,26;2.963,99;2.944,97;-;-0,05;
11.03.2019;2.960,26;2.907,08;2.960,26;2.907,00;-;1,83;
08.03.2019;2.907,06;2.863,73;2.907,67;2.837,19;-;1,51;
07.03.2019;2.863,75;2.869,89;2.873,31;2.849,03;-;-0,21;
06.03.2019;2.869,88;2.881,49;2.890,96;2.864,07;-;-0,40;
01.03.2019;2.881,50;2.895,46;2.910,59;2.868,34;-;-0,48;
28.02.2019;2.895,46;2.926,31;2.933,72;2.888,74;-;-1,05;
27.02.2019;2.926,30;2.937,14;2.937,29;2.915,67;-;-0,37;
26.02.2019;2.937,11;2.930,26;2.940,53;2.926,82;-;0,24;
25.02.2019;2.930,12;2.935,80;2.954,14;2.921,81;-;-0,20;
22.02.2019;2.936,05;2.888,04;2.936,05;2.888,04;-;1,68;
21.02.2019;2.887,43;2.897,71;2.912,05;2.864,26;-;-0,35;
20.02.2019;2.897,64;2.932,36;2.951,85;2.897,64;-;-1,18;
19.02.2019;2.932,34;2.911,33;2.942,79;2.911,33;-;0,72;
18.02.2019;2.911,30;2.928,37;2.928,37;2.900,27;-;-0,58;
15.02.2019;2.928,37;2.932,86;2.941,49;2.913,38;-;-0,15;
14.02.2019;2.932,78;2.878,71;2.934,11;2.852,32;-;1,88;
13.02.2019;2.878,71;2.881,13;2.900,07;2.864,18;-;-0,08;
12.02.2019;2.881,10;2.834,61;2.888,23;2.834,61;-;1,65;
11.02.2019;2.834,22;2.874,94;2.883,76;2.823,77;-;-1,42;
08.02.2019;2.874,94;2.840,63;2.878,72;2.814,39;-;1,20;
07.02.2019;2.840,71;2.866,81;2.884,22;2.821,95;-;-0,91;
06.02.2019;2.866,81;2.976,54;2.976,54;2.866,81;-;-3,69;
05.02.2019;2.976,54;2.966,92;2.979,30;2.953,61;-;0,32;
04.02.2019;2.966,92;2.967,88;2.969,87;2.939,34;-;-0,03;
01.02.2019;2.967,88;2.953,54;2.976,39;2.947,63;-;0,49;
31.01.2019;2.953,54;2.964,14;2.988,01;2.953,54;-;-0,36;
30.01.2019;2.964,13;2.908,69;2.964,13;2.908,69;-;1,91;
29.01.2019;2.908,68;2.899,38;2.942,10;2.899,38;-;0,32;
28.01.2019;2.899,38;3.026,53;3.028,30;2.881,51;-;-4,20;
24.01.2019;3.026,53;2.980,81;3.026,53;2.980,81;-;1,53;
23.01.2019;2.980,84;2.927,43;2.981,78;2.927,43;-;1,85;
22.01.2019;2.926,75;2.955,57;2.955,57;2.918,15;-;-0,98;
21.01.2019;2.955,64;2.950,21;2.958,25;2.916,97;-;0,18;
18.01.2019;2.950,43;2.935,34;2.963,13;2.935,34;-;0,52;
17.01.2019;2.935,17;2.890,92;2.945,96;2.883,51;-;1,53;
16.01.2019;2.890,92;2.874,77;2.890,92;2.872,08;-;0,57;
15.01.2019;2.874,61;2.881,13;2.894,29;2.858,63;-;-0,23;
14.01.2019;2.881,10;2.847,24;2.881,10;2.843,09;-;1,19;
11.01.2019;2.847,24;2.845,83;2.857,10;2.844,42;-;0,05;
10.01.2019;2.845,85;2.829,69;2.847,57;2.818,93;-;0,57;
09.01.2019;2.829,69;2.784,33;2.835,55;2.784,33;-;1,64;
08.01.2019;2.784,14;2.773,20;2.795,11;2.766,73;-;0,40;
07.01.2019;2.773,15;2.800,68;2.815,22;2.763,65;-;-1,01;
04.01.2019;2.801,36;2.786,16;2.823,83;2.775,05;-;0,57;
03.01.2019;2.785,44;2.788,19;2.791,70;2.750,81;-;-0,10;
02.01.2019;2.788,26;2.723,93;2.799,44;2.711,08;-;2,36;
28.12.2018;2.723,93;2.659,52;2.724,57;2.659,52;-;2,44;
27.12.2018;2.659,09;2.657,90;2.666,47;2.646,92;-;0,05;
26.12.2018;2.657,86;2.677,54;2.677,54;2.635,63;-;-0,74;
21.12.2018;2.677,54;2.646,38;2.694,48;2.646,38;-;1,18;
20.12.2018;2.646,41;2.645,71;2.678,90;2.625,99;-;0,04;
19.12.2018;2.645,45;2.672,24;2.709,83;2.645,45;-;-0,99;
18.12.2018;2.671,89;2.658,61;2.691,02;2.658,61;-;0,50;
17.12.2018;2.658,61;2.682,18;2.696,87;2.655,09;-;-0,88;
14.12.2018;2.682,18;2.682,64;2.702,75;2.666,57;-;-0,02;
13.12.2018;2.682,66;2.671,86;2.691,42;2.670,05;-;0,41;
12.12.2018;2.671,77;2.649,29;2.698,15;2.649,29;-;0,85;
11.12.2018;2.649,27;2.632,33;2.679,12;2.627,38;-;0,65;
10.12.2018;2.632,13;2.685,31;2.694,23;2.632,13;-;-1,98;
07.12.2018;2.685,31;2.710,77;2.735,30;2.681,98;-;-0,94;
06.12.2018;2.710,69;2.707,02;2.712,82;2.662,13;-;0,13;
05.12.2018;2.707,04;2.687,74;2.709,04;2.687,74;-;0,72;
04.12.2018;2.687,72;2.727,26;2.739,58;2.676,28;-;-1,45;
03.12.2018;2.727,26;2.709,38;2.760,58;2.709,38;-;0,67;
30.11.2018;2.709,21;2.715,11;2.728,52;2.701,98;-;-0,22;
29.11.2018;2.715,14;2.698,93;2.719,92;2.684,55;-;0,53;
28.11.2018;2.700,80;2.657,14;2.701,40;2.648,66;-;1,64;
27.11.2018;2.657,18;2.607,45;2.660,88;2.602,02;-;1,91;
26.11.2018;2.607,40;2.624,80;2.647,29;2.592,67;-;-0,66;
23.11.2018;2.624,80;2.664,07;2.664,33;2.616,16;-;-1,47;
22.11.2018;2.663,96;2.652,02;2.665,22;2.651,88;-;0,44;
21.11.2018;2.652,26;2.652,41;2.652,41;2.609,98;-;-0,02;
19.11.2018;2.652,68;2.679,74;2.679,86;2.637,09;-;-1,01;
16.11.2018;2.679,74;2.623,72;2.679,75;2.620,09;-;2,14;
14.11.2018;2.623,72;2.592,05;2.623,72;2.574,82;-;1,18;
13.11.2018;2.593,17;2.582,31;2.600,86;2.553,16;-;0,42;
12.11.2018;2.582,30;2.578,76;2.598,39;2.568,05;-;0,14;
09.11.2018;2.578,63;2.600,71;2.613,17;2.546,05;-;-0,85;
08.11.2018;2.600,74;2.659,79;2.677,19;2.600,74;-;-2,21;
07.11.2018;2.659,50;2.680,31;2.705,63;2.652,23;-;-0,76;
06.11.2018;2.679,88;2.709,42;2.709,42;2.674,29;-;-1,09;
05.11.2018;2.709,42;2.688,70;2.713,67;2.687,78;-;0,77;
01.11.2018;2.688,69;2.661,68;2.706,86;2.648,12;-;1,02;
31.10.2018;2.661,45;2.627,03;2.661,78;2.627,03;-;1,31;
30.10.2018;2.627,03;2.549,16;2.632,83;2.549,16;-;3,06;
29.10.2018;2.549,01;2.604,22;2.667,15;2.523,05;-;-2,11;
26.10.2018;2.604,04;2.572,26;2.609,17;2.554,18;-;1,24;
25.10.2018;2.572,26;2.544,65;2.587,12;2.544,65;-;1,09;
24.10.2018;2.544,62;2.602,95;2.617,09;2.543,92;-;-2,24;
23.10.2018;2.602,95;2.604,26;2.610,88;2.562,26;-;-0,05;
22.10.2018;2.604,27;2.564,72;2.609,93;2.564,72;-;1,55;
19.10.2018;2.564,60;2.550,57;2.579,71;2.550,24;-;0,55;
18.10.2018;2.550,54;2.589,43;2.589,64;2.550,37;-;-1,50;
17.10.2018;2.589,43;2.566,68;2.595,12;2.557,24;-;0,89;
16.10.2018;2.566,68;2.517,80;2.566,68;2.517,80;-;1,94;
15.10.2018;2.517,77;2.520,46;2.552,01;2.514,42;-;-0,11;
11.10.2018;2.520,46;2.533,83;2.560,99;2.515,00;-;-0,53;
10.10.2018;2.533,81;2.591,88;2.591,88;2.533,81;-;-2,24;
09.10.2018;2.591,88;2.589,13;2.606,97;2.577,66;-;0,11;
08.10.2018;2.589,13;2.520,06;2.620,52;2.520,06;-;2,74;
05.10.2018;2.520,06;2.534,94;2.550,97;2.509,40;-;-0,59;
04.10.2018;2.534,94;2.552,73;2.552,79;2.514,06;-;-0,70;
03.10.2018;2.552,73;2.522,57;2.593,48;2.522,57;-;1,20;
02.10.2018;2.522,57;2.449,95;2.528,97;2.449,95;-;2,97;
01.10.2018;2.449,85;2.471,80;2.476,32;2.434,14;-;-0,87;
28.09.2018;2.471,34;2.484,66;2.484,66;2.454,78;-;-0,54;
27.09.2018;2.484,71;2.460,80;2.490,07;2.460,80;-;0,97;
26.09.2018;2.460,80;2.468,01;2.485,28;2.460,80;-;-0,29;
25.09.2018;2.468,01;2.448,34;2.469,57;2.424,83;-;0,79;
24.09.2018;2.448,58;2.485,62;2.485,93;2.442,53;-;-1,49;
21.09.2018;2.485,60;2.444,15;2.497,77;2.444,15;-;1,70;
20.09.2018;2.444,13;2.442,92;2.460,42;2.431,26;-;0,05;
19.09.2018;2.442,92;2.449,43;2.467,00;2.432,15;-;-0,27;
18.09.2018;2.449,46;2.408,91;2.449,46;2.406,00;-;1,69;
17.09.2018;2.408,86;2.375,84;2.411,17;2.372,90;-;1,39;
14.09.2018;2.375,88;2.353,23;2.383,42;2.352,83;-;0,96;
13.09.2018;2.353,23;2.368,90;2.377,97;2.348,82;-;-0,66;
12.09.2018;2.368,83;2.366,94;2.383,17;2.353,48;-;0,09;
11.09.2018;2.366,77;2.408,48;2.408,48;2.355,21;-;-1,73;
10.09.2018;2.408,54;2.414,90;2.438,00;2.397,29;-;-0,26;
06.09.2018;2.414,90;2.384,78;2.422,03;2.384,53;-;1,28;
05.09.2018;2.384,44;2.371,04;2.390,57;2.364,24;-;0,57;
04.09.2018;2.371,04;2.415,14;2.415,16;2.369,87;-;-1,83;
03.09.2018;2.415,13;2.419,82;2.420,87;2.402,28;-;-0,19;
31.08.2018;2.419,83;2.421,83;2.439,83;2.407,13;-;-0,08;
30.08.2018;2.421,86;2.469,05;2.469,05;2.420,42;-;-1,91;
29.08.2018;2.469,05;2.460,49;2.482,05;2.456,22;-;0,35;
28.08.2018;2.460,56;2.470,60;2.474,09;2.447,43;-;-0,41;
27.08.2018;2.470,60;2.422,07;2.471,00;2.421,62;-;2,01;
24.08.2018;2.421,96;2.406,18;2.430,38;2.405,01;-;0,69;
23.08.2018;2.405,44;2.436,70;2.442,36;2.399,80;-;-1,28;
22.08.2018;2.436,70;2.382,48;2.436,84;2.376,24;-;2,28;
21.08.2018;2.382,38;2.407,18;2.409,14;2.374,89;-;-1,03;
20.08.2018;2.407,18;2.396,82;2.412,55;2.384,50;-;0,43;
17.08.2018;2.396,81;2.406,92;2.406,92;2.382,28;-;-0,42;
16.08.2018;2.407,02;2.413,62;2.430,14;2.392,92;-;-0,26;
15.08.2018;2.413,21;2.463,70;2.463,70;2.407,80;-;-2,05;
14.08.2018;2.463,72;2.427,90;2.469,97;2.427,90;-;1,48;
13.08.2018;2.427,90;2.397,76;2.432,33;2.386,29;-;1,25;
10.08.2018;2.397,84;2.449,60;2.449,60;2.384,77;-;-2,12;
09.08.2018;2.449,70;2.462,56;2.467,20;2.434,96;-;-0,48;
08.08.2018;2.461,52;2.489,26;2.505,55;2.454,59;-;-1,11;
07.08.2018;2.489,26;2.507,09;2.529,91;2.481,95;-;-0,72;
06.08.2018;2.507,20;2.515,69;2.527,04;2.503,61;-;-0,34;
03.08.2018;2.515,69;2.469,54;2.522,15;2.469,54;-;1,87;
02.08.2018;2.469,54;2.458,92;2.473,97;2.440,68;-;0,43;
01.08.2018;2.458,92;2.471,98;2.475,95;2.453,87;-;-0,53;
31.07.2018;2.472,09;2.489,14;2.489,37;2.462,08;-;-0,69;
30.07.2018;2.489,17;2.482,22;2.497,38;2.477,92;-;0,28;
27.07.2018;2.482,22;2.476,41;2.493,57;2.473,15;-;0,24;
26.07.2018;2.476,39;2.498,30;2.507,42;2.469,45;-;-0,88;
25.07.2018;2.498,30;2.480,83;2.504,70;2.475,35;-;0,71;
24.07.2018;2.480,81;2.444,28;2.490,02;2.444,28;-;1,51;
23.07.2018;2.443,82;2.453,11;2.454,23;2.439,14;-;-0,38;
20.07.2018;2.453,11;2.440,62;2.480,80;2.440,62;-;0,51;
19.07.2018;2.440,61;2.451,50;2.451,50;2.405,52;-;-0,45;
18.07.2018;2.451,65;2.465,33;2.478,44;2.444,84;-;-0,57;
17.07.2018;2.465,69;2.429,21;2.477,73;2.425,58;-;1,50;
16.07.2018;2.429,19;2.429,14;2.441,33;2.417,81;-;0,01;
13.07.2018;2.429,02;2.414,97;2.432,27;2.404,94;-;0,58;
12.07.2018;2.414,97;2.376,37;2.416,33;2.376,37;-;1,63;
11.07.2018;2.376,13;2.389,24;2.389,56;2.368,87;-;-0,55;
10.07.2018;2.389,38;2.389,20;2.411,87;2.379,92;-;0,02;
06.07.2018;2.388,94;2.367,99;2.394,58;2.355,79;-;0,90;
05.07.2018;2.367,74;2.365,22;2.375,49;2.344,99;-;0,11;
04.07.2018;2.365,22;2.347,70;2.371,86;2.342,92;-;0,77;
03.07.2018;2.347,19;2.334,69;2.373,08;2.334,69;-;0,55;
02.07.2018;2.334,24;2.338,48;2.338,48;2.314,81;-;-0,18;
29.06.2018;2.338,46;2.315,64;2.346,45;2.315,64;-;0,99;
28.06.2018;2.315,48;2.284,07;2.318,20;2.273,52;-;1,38;
27.06.2018;2.284,07;2.315,33;2.322,32;2.270,48;-;-1,35;
26.06.2018;2.315,33;2.291,19;2.315,33;2.277,37;-;1,06;
25.06.2018;2.291,14;2.282,56;2.299,89;2.258,28;-;0,38;
22.06.2018;2.282,47;2.265,71;2.289,79;2.261,78;-;0,74;
21.06.2018;2.265,62;2.313,24;2.315,37;2.263,11;-;-2,06;
20.06.2018;2.313,28;2.306,44;2.333,29;2.292,99;-;0,30;
19.06.2018;2.306,31;2.281,22;2.323,71;2.252,31;-;1,10;
18.06.2018;2.281,32;2.297,65;2.297,65;2.260,35;-;-0,71;
15.06.2018;2.297,68;2.343,05;2.343,05;2.274,26;-;-1,94;
14.06.2018;2.343,08;2.348,44;2.363,40;2.331,05;-;-0,23;
13.06.2018;2.348,47;2.363,85;2.370,56;2.317,26;-;-0,65;
12.06.2018;2.363,84;2.337,65;2.374,13;2.329,20;-;1,12;
11.06.2018;2.337,62;2.355,90;2.379,18;2.324,45;-;-0,78;
08.06.2018;2.355,88;2.380,40;2.382,31;2.316,81;-;-1,04;
07.06.2018;2.380,59;2.454,28;2.454,50;2.296,78;-;-3,00;
06.06.2018;2.454,28;2.453,85;2.468,84;2.435,19;-;0,02;
05.06.2018;2.453,87;2.493,50;2.500,60;2.445,48;-;-1,59;
04.06.2018;2.493,58;2.468,10;2.493,58;2.468,10;-;1,03;
01.06.2018;2.468,15;2.406,28;2.473,96;2.396,83;-;2,63;
30.05.2018;2.404,89;2.363,38;2.404,89;2.358,37;-;1,76;
29.05.2018;2.363,38;2.371,23;2.408,48;2.350,11;-;-0,33;
28.05.2018;2.371,20;2.443,12;2.443,12;2.363,54;-;-2,95;
25.05.2018;2.443,31;2.481,37;2.487,42;2.437,21;-;-1,53;
24.05.2018;2.481,37;2.465,28;2.483,70;2.434,80;-;0,64;
23.05.2018;2.465,68;2.505,67;2.505,67;2.463,63;-;-1,60;
22.05.2018;2.505,67;2.469,58;2.517,29;2.469,57;-;1,46;
21.05.2018;2.469,58;2.498,16;2.513,46;2.465,48;-;-1,12;
18.05.2018;2.497,43;2.510,68;2.510,68;2.451,02;-;-0,53;
17.05.2018;2.510,72;2.576,39;2.576,39;2.502,21;-;-2,55;
16.05.2018;2.576,50;2.540,36;2.579,81;2.538,04;-;1,40;
15.05.2018;2.540,83;2.551,85;2.551,85;2.508,80;-;-0,43;
14.05.2018;2.551,84;2.555,40;2.572,39;2.535,82;-;-0,14;
11.05.2018;2.555,39;2.568,08;2.583,90;2.550,45;-;-0,49;
10.05.2018;2.568,06;2.543,20;2.571,74;2.543,20;-;1,02;
09.05.2018;2.542,21;2.517,26;2.545,87;2.510,32;-;1,00;
08.05.2018;2.517,00;2.506,31;2.530,41;2.493,12;-;0,43;
07.05.2018;2.506,31;2.524,97;2.535,64;2.502,49;-;-0,74;
04.05.2018;2.524,97;2.524,92;2.532,26;2.508,89;-;0,00;
03.05.2018;2.524,95;2.564,52;2.566,73;2.524,95;-;-1,54;
02.05.2018;2.564,48;2.587,23;2.587,23;2.558,27;-;-0,88;
30.04.2018;2.587,28;2.596,15;2.604,79;2.582,40;-;-0,34;
27.04.2018;2.596,08;2.599,31;2.617,77;2.589,72;-;-0,12;
26.04.2018;2.599,30;2.571,98;2.601,33;2.571,98;-;1,08;
25.04.2018;2.571,48;2.577,81;2.577,81;2.551,51;-;-0,25;
24.04.2018;2.577,81;2.580,06;2.605,33;2.571,11;-;-0,09;
23.04.2018;2.580,06;2.577,59;2.592,10;2.563,08;-;0,10;
20.04.2018;2.577,59;2.579,68;2.579,70;2.562,30;-;-0,08;
19.04.2018;2.579,78;2.578,57;2.586,69;2.565,23;-;0,05;
18.04.2018;2.578,57;2.539,19;2.590,97;2.539,19;-;1,55;
17.04.2018;2.539,16;2.504,12;2.539,24;2.500,08;-;1,40;
16.04.2018;2.504,12;2.541,27;2.548,85;2.501,43;-;-1,48;
13.04.2018;2.541,72;2.561,88;2.561,88;2.530,77;-;-0,79;
12.04.2018;2.561,88;2.543,44;2.561,93;2.543,44;-;0,73;
11.04.2018;2.543,37;2.535,82;2.552,17;2.529,63;-;0,30;
10.04.2018;2.535,82;2.512,44;2.535,94;2.512,44;-;0,93;
09.04.2018;2.512,34;2.538,19;2.550,02;2.504,33;-;-1,02;
06.04.2018;2.538,16;2.543,16;2.544,32;2.512,25;-;-0,20;
05.04.2018;2.543,16;2.514,48;2.560,00;2.514,48;-;1,17;
04.04.2018;2.513,71;2.523,25;2.523,25;2.472,69;-;-0,38;
03.04.2018;2.523,26;2.529,99;2.547,08;2.512,49;-;-0,27;
02.04.2018;2.529,99;2.548,65;2.554,42;2.514,14;-;-0,73;
29.03.2018;2.548,65;2.509,05;2.555,85;2.509,05;-;1,58;
28.03.2018;2.508,96;2.507,67;2.511,42;2.479,36;-;0,05;
27.03.2018;2.507,75;2.550,37;2.554,58;2.502,55;-;-1,64;
26.03.2018;2.549,50;2.537,90;2.566,13;2.536,91;-;0,46;
23.03.2018;2.537,90;2.565,11;2.565,99;2.531,77;-;-1,06;
22.03.2018;2.565,11;2.569,55;2.583,21;2.550,36;-;-0,17;
21.03.2018;2.569,59;2.550,19;2.572,79;2.547,23;-;0,77;
20.03.2018;2.550,08;2.545,74;2.557,49;2.538,42;-;0,18;
19.03.2018;2.545,43;2.565,97;2.566,01;2.537,76;-;-0,80;
16.03.2018;2.565,98;2.569,05;2.575,76;2.550,86;-;-0,12;
15.03.2018;2.569,05;2.596,02;2.596,02;2.563,01;-;-1,04;
14.03.2018;2.596,04;2.602,33;2.622,90;2.590,26;-;-0,24;
13.03.2018;2.602,32;2.609,53;2.625,37;2.595,08;-;-0,27;
12.03.2018;2.609,50;2.599,37;2.615,88;2.599,37;-;0,40;
09.03.2018;2.599,12;2.557,98;2.603,46;2.549,34;-;1,61;
08.03.2018;2.557,98;2.574,64;2.583,46;2.547,50;-;-0,67;
07.03.2018;2.575,30;2.572,67;2.575,31;2.546,00;-;0,10;
06.03.2018;2.572,69;2.586,18;2.605,43;2.572,66;-;-0,52;
05.03.2018;2.586,11;2.601,32;2.602,35;2.573,22;-;-0,58;
02.03.2018;2.601,32;2.601,97;2.601,97;2.557,65;-;-0,03;
01.03.2018;2.601,97;2.609,87;2.628,89;2.583,99;-;-0,30;
28.02.2018;2.609,82;2.651,97;2.656,02;2.605,03;-;-1,59;
27.02.2018;2.651,97;2.671,82;2.672,82;2.640,16;-;-0,74;
26.02.2018;2.671,80;2.670,22;2.697,45;2.661,36;-;0,06;
23.02.2018;2.670,08;2.657,69;2.672,69;2.644,42;-;0,47;
22.02.2018;2.657,50;2.643,72;2.671,87;2.642,76;-;0,52;
21.02.2018;2.643,80;2.634,87;2.668,90;2.634,87;-;0,34;
20.02.2018;2.634,87;2.624,04;2.648,91;2.605,30;-;0,41;
19.02.2018;2.624,03;2.615,69;2.625,22;2.615,08;-;0,32;
16.02.2018;2.615,68;2.611,30;2.617,66;2.597,32;-;0,17;
15.02.2018;2.611,28;2.583,72;2.619,32;2.583,72;-;1,09;
14.02.2018;2.583,14;2.510,88;2.589,45;2.510,88;-;2,88;
09.02.2018;2.510,90;2.532,83;2.534,27;2.475,92;-;-0,87;
08.02.2018;2.532,83;2.573,87;2.586,77;2.523,01;-;-1,58;
07.02.2018;2.573,51;2.593,82;2.608,70;2.569,49;-;-0,78;
06.02.2018;2.593,83;2.550,97;2.600,20;2.514,60;-;1,68;
05.02.2018;2.550,99;2.607,23;2.607,46;2.550,99;-;-2,16;
02.02.2018;2.607,30;2.646,59;2.646,59;2.603,52;-;-1,48;
01.02.2018;2.646,59;2.626,66;2.662,08;2.626,64;-;0,76;
31.01.2018;2.626,65;2.615,29;2.658,53;2.615,29;-;0,44;
30.01.2018;2.615,27;2.622,52;2.622,52;2.602,91;-;-0,28;
29.01.2018;2.622,54;2.633,74;2.635,47;2.606,22;-;-0,43;
26.01.2018;2.633,74;2.609,21;2.639,99;2.609,21;-;0,94;
24.01.2018;2.609,21;2.536,87;2.609,21;2.536,87;-;2,85;
23.01.2018;2.536,79;2.579,81;2.579,81;2.533,56;-;-1,67;
22.01.2018;2.579,77;2.584,32;2.589,09;2.563,67;-;-0,19;
19.01.2018;2.584,69;2.579,15;2.596,05;2.579,15;-;0,22;
18.01.2018;2.579,01;2.585,92;2.592,39;2.568,26;-;-0,27;
17.01.2018;2.585,91;2.552,23;2.585,93;2.552,23;-;1,33;
16.01.2018;2.552,07;2.561,72;2.569,08;2.548,21;-;-0,38;
15.01.2018;2.561,72;2.551,24;2.567,61;2.551,24;-;0,41;
12.01.2018;2.551,24;2.552,07;2.552,07;2.534,44;-;-0,03;
11.01.2018;2.552,07;2.528,21;2.552,07;2.528,21;-;0,94;
10.01.2018;2.528,20;2.548,87;2.548,87;2.527,69;-;-0,81;
09.01.2018;2.548,85;2.564,89;2.571,00;2.545,34;-;-0,62;
08.01.2018;2.564,85;2.557,36;2.567,36;2.548,09;-;0,29;
05.01.2018;2.557,36;2.540,64;2.557,36;2.529,39;-;0,66;
04.01.2018;2.540,62;2.528,97;2.559,40;2.528,97;-;0,46;
03.01.2018;2.528,96;2.532,33;2.543,55;2.527,79;-;-0,14;
02.01.2018;2.532,51;2.491,98;2.532,91;2.491,98;-;1,63;
28.12.2017;2.491,98;2.477,18;2.492,67;2.477,18;-;0,61;
27.12.2017;2.476,94;2.456,51;2.477,94;2.456,51;-;0,83;
26.12.2017;2.456,45;2.439,20;2.459,01;2.430,05;-;0,71;
22.12.2017;2.439,20;2.434,49;2.443,80;2.426,06;-;0,19;
21.12.2017;2.434,60;2.394,11;2.435,20;2.387,18;-;1,69;
20.12.2017;2.394,08;2.378,15;2.400,15;2.378,15;-;0,67;
19.12.2017;2.378,14;2.392,57;2.393,75;2.366,17;-;-0,60;
18.12.2017;2.392,61;2.381,98;2.396,71;2.381,98;-;0,50;
15.12.2017;2.380,81;2.371,61;2.391,88;2.364,99;-;0,38;
14.12.2017;2.371,87;2.385,49;2.385,49;2.357,76;-;-0,57;
13.12.2017;2.385,49;2.402,41;2.432,50;2.371,87;-;-0,70;
12.12.2017;2.402,34;2.370,55;2.402,34;2.339,69;-;1,31;
11.12.2017;2.371,38;2.378,37;2.394,84;2.365,27;-;-0,31;
08.12.2017;2.378,68;2.376,38;2.399,82;2.375,00;-;0,10;
07.12.2017;2.376,27;2.406,66;2.406,66;2.351,42;-;-1,26;
06.12.2017;2.406,69;2.380,17;2.410,84;2.367,53;-;1,07;
05.12.2017;2.381,10;2.390,96;2.415,40;2.372,78;-;-0,41;
04.12.2017;2.390,96;2.374,40;2.405,87;2.374,40;-;0,70;
01.12.2017;2.374,39;2.366,35;2.380,32;2.353,29;-;0,30;
30.11.2017;2.367,37;2.392,77;2.393,10;2.331,81;-;-1,06;
29.11.2017;2.392,63;2.439,90;2.449,47;2.392,63;-;-1,92;
28.11.2017;2.439,52;2.440,77;2.463,98;2.439,52;-;-0,05;
27.11.2017;2.440,71;2.448,85;2.448,85;2.415,66;-;-0,33;
24.11.2017;2.448,85;2.461,42;2.463,69;2.447,19;-;-0,51;
23.11.2017;2.461,42;2.466,67;2.466,89;2.444,94;-;-0,21;
22.11.2017;2.466,67;2.475,77;2.483,99;2.459,89;-;-0,37;
21.11.2017;2.475,74;2.437,40;2.485,39;2.437,40;-;1,58;
17.11.2017;2.437,29;2.407,88;2.440,70;2.402,48;-;1,22;
16.11.2017;2.407,86;2.346,66;2.418,29;2.346,66;-;2,61;
14.11.2017;2.346,51;2.370,71;2.396,54;2.346,32;-;-1,02;
13.11.2017;2.370,71;2.355,85;2.376,26;2.343,02;-;0,63;
10.11.2017;2.355,80;2.407,91;2.409,57;2.353,28;-;-2,15;
09.11.2017;2.407,53;2.446,43;2.446,43;2.401,68;-;-1,59;
08.11.2017;2.446,43;2.384,68;2.450,83;2.384,68;-;2,59;
07.11.2017;2.384,67;2.438,29;2.438,29;2.378,71;-;-2,20;
06.11.2017;2.438,30;2.438,97;2.449,19;2.433,41;-;-0,04;
03.11.2017;2.439,24;2.455,33;2.467,48;2.411,08;-;-0,63;
01.11.2017;2.454,68;2.459,28;2.487,45;2.454,68;-;-0,19;
31.10.2017;2.459,28;2.459,61;2.470,81;2.451,08;-;0,02;
30.10.2017;2.458,86;2.509,25;2.509,25;2.440,51;-;-2,01;
27.10.2017;2.509,25;2.502,43;2.524,41;2.499,01;-;0,28;
26.10.2017;2.502,31;2.529,98;2.543,81;2.500,09;-;-1,09;
25.10.2017;2.529,96;2.516,19;2.540,14;2.492,79;-;0,55;
24.10.2017;2.516,17;2.497,22;2.518,78;2.497,22;-;0,79;
23.10.2017;2.496,38;2.537,55;2.542,14;2.495,80;-;-1,62;
20.10.2017;2.537,55;2.525,66;2.546,96;2.525,66;-;0,46;
19.10.2017;2.525,90;2.546,39;2.546,39;2.499,99;-;-0,81;
18.10.2017;2.546,41;2.515,15;2.547,02;2.515,15;-;1,24;
17.10.2017;2.515,15;2.541,98;2.542,36;2.511,97;-;-1,06;
16.10.2017;2.541,99;2.550,16;2.559,03;2.534,09;-;-0,33;
13.10.2017;2.550,51;2.550,38;2.564,32;2.541,69;-;0,01;
11.10.2017;2.550,28;2.554,18;2.557,86;2.537,77;-;-0,18;
10.10.2017;2.555,01;2.523,01;2.558,34;2.523,01;-;1,28;
09.10.2017;2.522,82;2.530,97;2.534,85;2.504,97;-;-0,32;
06.10.2017;2.530,96;2.543,20;2.543,20;2.513,65;-;-0,48;
05.10.2017;2.543,20;2.555,64;2.595,09;2.543,20;-;-0,48;
04.10.2017;2.555,59;2.543,21;2.567,98;2.539,73;-;0,49;
03.10.2017;2.543,20;2.486,14;2.543,20;2.486,14;-;2,30;
02.10.2017;2.485,92;2.485,86;2.495,15;2.473,10;-;0,00;
29.09.2017;2.485,82;2.451,16;2.488,83;2.451,16;-;1,42;
28.09.2017;2.450,90;2.454,43;2.466,25;2.444,58;-;-0,11;
27.09.2017;2.453,70;2.477,96;2.482,60;2.439,39;-;-0,95;
26.09.2017;2.477,14;2.475,08;2.490,71;2.475,00;-;0,08;
25.09.2017;2.475,08;2.510,95;2.510,95;2.472,54;-;-1,44;
22.09.2017;2.511,35;2.517,85;2.517,85;2.497,93;-;-0,26;
21.09.2017;2.517,85;2.523,00;2.533,43;2.506,92;-;-0,17;
20.09.2017;2.522,16;2.521,27;2.539,16;2.504,14;-;0,04;
19.09.2017;2.521,27;2.523,95;2.532,78;2.503,78;-;-0,11;
18.09.2017;2.523,95;2.524,02;2.542,17;2.520,27;-;0,01;
15.09.2017;2.523,67;2.486,57;2.525,86;2.486,57;-;1,49;
14.09.2017;2.486,57;2.470,82;2.490,49;2.464,89;-;0,63;
13.09.2017;2.470,90;2.457,79;2.480,83;2.445,95;-;0,53;
12.09.2017;2.457,79;2.457,45;2.476,06;2.451,61;-;0,02;
11.09.2017;2.457,38;2.431,31;2.465,98;2.431,31;-;1,13;
08.09.2017;2.429,84;2.417,18;2.432,53;2.415,93;-;0,52;
06.09.2017;2.417,21;2.388,80;2.420,18;2.388,80;-;1,21;
05.09.2017;2.388,21;2.381,92;2.408,58;2.381,92;-;0,27;
04.09.2017;2.381,72;2.373,90;2.382,08;2.367,56;-;0,33;
01.09.2017;2.373,87;2.354,50;2.378,22;2.354,44;-;0,87;
31.08.2017;2.353,30;2.351,78;2.360,10;2.341,02;-;0,07;
30.08.2017;2.351,73;2.358,59;2.364,16;2.344,96;-;-0,29;
29.08.2017;2.358,58;2.353,13;2.359,36;2.339,82;-;0,23;
28.08.2017;2.353,14;2.346,38;2.361,37;2.346,38;-;0,29;
25.08.2017;2.346,35;2.350,24;2.359,15;2.339,29;-;-0,17;
24.08.2017;2.350,23;2.331,40;2.353,19;2.331,40;-;0,82;
23.08.2017;2.331,09;2.318,66;2.333,46;2.315,22;-;0,54;
22.08.2017;2.318,66;2.283,68;2.323,68;2.283,68;-;1,57;
21.08.2017;2.282,75;2.279,15;2.291,32;2.279,15;-;0,15;
18.08.2017;2.279,24;2.264,90;2.279,25;2.260,46;-;0,63;
17.08.2017;2.264,91;2.286,37;2.286,37;2.261,59;-;-0,94;
16.08.2017;2.286,29;2.281,64;2.292,22;2.274,77;-;0,20;
15.08.2017;2.281,64;2.278,05;2.294,01;2.278,05;-;0,19;
14.08.2017;2.277,31;2.248,44;2.287,60;2.245,32;-;1,28;
11.08.2017;2.248,43;2.221,09;2.254,11;2.221,06;-;1,23;
10.08.2017;2.221,17;2.239,17;2.239,17;2.210,72;-;-0,80;
09.08.2017;2.239,17;2.244,75;2.244,75;2.225,63;-;-0,25;
08.08.2017;2.244,74;2.249,94;2.257,29;2.240,22;-;-0,22;
07.08.2017;2.249,60;2.224,47;2.254,68;2.224,47;-;1,13;
04.08.2017;2.224,47;2.230,56;2.237,45;2.220,61;-;-0,27;
03.08.2017;2.230,56;2.236,73;2.240,01;2.224,91;-;-0,28;
02.08.2017;2.236,71;2.229,56;2.247,28;2.224,82;-;0,32;
01.08.2017;2.229,56;2.212,10;2.230,46;2.211,77;-;0,80;
31.07.2017;2.211,79;2.208,50;2.220,59;2.207,19;-;0,16;
28.07.2017;2.208,15;2.210,30;2.210,30;2.199,32;-;-0,10;
27.07.2017;2.210,25;2.195,49;2.215,57;2.195,49;-;0,68;
26.07.2017;2.195,41;2.209,18;2.211,82;2.194,20;-;-0,62;
25.07.2017;2.209,18;2.214,30;2.224,44;2.203,05;-;-0,23;
24.07.2017;2.214,35;2.209,18;2.215,89;2.207,19;-;0,23;
21.07.2017;2.209,36;2.207,74;2.215,15;2.207,47;-;0,07;
20.07.2017;2.207,89;2.200,93;2.215,22;2.200,93;-;0,32;
19.07.2017;2.200,93;2.206,18;2.212,85;2.191,62;-;-0,26;
18.07.2017;2.206,64;2.207,96;2.210,21;2.197,35;-;-0,07;
17.07.2017;2.208,23;2.215,56;2.216,71;2.204,39;-;-0,33;
14.07.2017;2.215,58;2.207,14;2.222,09;2.207,14;-;0,38;
13.07.2017;2.207,12;2.177,19;2.208,02;2.177,19;-;1,37;
12.07.2017;2.177,18;2.145,09;2.180,73;2.145,09;-;1,52;
11.07.2017;2.144,54;2.125,68;2.144,96;2.121,26;-;0,89;
10.07.2017;2.125,69;2.110,29;2.130,94;2.110,29;-;0,73;
07.07.2017;2.110,29;2.112,42;2.125,91;2.104,81;-;-0,10;
06.07.2017;2.112,47;2.136,35;2.136,35;2.108,71;-;-1,12;
05.07.2017;2.136,35;2.133,25;2.141,45;2.121,42;-;0,13;
04.07.2017;2.133,50;2.134,05;2.136,37;2.129,03;-;-0,03;
03.07.2017;2.134,06;2.126,89;2.136,11;2.126,05;-;0,34;
30.06.2017;2.126,89;2.099,45;2.129,07;2.099,45;-;1,31;
29.06.2017;2.099,42;2.093,16;2.103,96;2.084,02;-;0,27;
28.06.2017;2.093,71;2.090,32;2.095,43;2.078,50;-;0,19;
27.06.2017;2.089,73;2.115,63;2.115,63;2.086,18;-;-1,22;
26.06.2017;2.115,61;2.093,81;2.119,22;2.093,81;-;1,04;
23.06.2017;2.093,76;2.098,37;2.103,04;2.093,56;-;-0,22;
22.06.2017;2.098,37;2.091,15;2.098,70;2.084,47;-;0,35;
21.06.2017;2.091,10;2.098,06;2.105,44;2.084,67;-;-0,33;
20.06.2017;2.098,06;2.138,02;2.138,02;2.098,06;-;-1,91;
19.06.2017;2.138,96;2.126,37;2.139,94;2.124,41;-;0,57;
16.06.2017;2.126,91;2.118,44;2.130,76;2.110,01;-;0,36;
14.06.2017;2.119,22;2.114,78;2.131,59;2.101,52;-;0,22;
13.06.2017;2.114,66;2.108,95;2.117,57;2.102,76;-;0,27;
12.06.2017;2.108,95;2.129,86;2.130,42;2.101,25;-;-1,01;
09.06.2017;2.130,50;2.144,32;2.152,35;2.123,07;-;-0,65;
08.06.2017;2.144,37;2.160,67;2.160,67;2.132,22;-;-0,75;
07.06.2017;2.160,66;2.146,73;2.164,63;2.146,73;-;0,65;
06.06.2017;2.146,73;2.129,29;2.153,75;2.127,53;-;0,83;
05.06.2017;2.129,04;2.138,18;2.140,35;2.123,75;-;-0,43;
02.06.2017;2.138,19;2.130,98;2.148,56;2.130,81;-;0,34;
01.06.2017;2.130,93;2.135,31;2.161,53;2.127,93;-;-0,21;
31.05.2017;2.135,31;2.168,50;2.171,12;2.134,72;-;-1,53;
30.05.2017;2.168,50;2.166,61;2.173,79;2.165,33;-;0,10;
29.05.2017;2.166,34;2.181,17;2.181,17;2.153,86;-;-0,68;
26.05.2017;2.181,19;2.152,62;2.181,19;2.152,31;-;1,33;
25.05.2017;2.152,65;2.138,03;2.160,42;2.134,72;-;0,68;
24.05.2017;2.138,04;2.105,01;2.157,19;2.105,01;-;1,57;
23.05.2017;2.105,00;2.063,08;2.107,74;2.062,30;-;2,00;
22.05.2017;2.063,78;2.114,48;2.114,48;2.045,03;-;-2,40;
19.05.2017;2.114,51;2.075,49;2.129,83;2.075,49;-;1,88;
18.05.2017;2.075,51;2.257,69;2.257,69;2.027,57;-;-8,07;
17.05.2017;2.257,69;2.295,39;2.295,39;2.248,29;-;-1,64;
16.05.2017;2.295,39;2.289,42;2.297,31;2.280,15;-;0,26;
15.05.2017;2.289,43;2.293,51;2.297,20;2.283,14;-;-0,16;
12.05.2017;2.293,19;2.273,59;2.293,53;2.273,59;-;0,86;
11.05.2017;2.273,57;2.273,58;2.283,24;2.270,27;-;0,00;
10.05.2017;2.273,53;2.231,34;2.274,24;2.231,34;-;1,91;
09.05.2017;2.230,93;2.199,83;2.237,13;2.199,83;-;1,44;
08.05.2017;2.199,33;2.200,43;2.209,74;2.193,44;-;-0,07;
05.05.2017;2.200,85;2.184,23;2.201,19;2.181,03;-;0,84;
04.05.2017;2.182,42;2.207,36;2.208,71;2.174,05;-;-1,13;
03.05.2017;2.207,36;2.209,21;2.215,00;2.200,28;-;-0,09;
02.05.2017;2.209,30;2.164,52;2.213,55;2.164,11;-;2,07;
28.04.2017;2.164,52;2.137,71;2.164,94;2.133,60;-;1,26;
27.04.2017;2.137,53;2.143,15;2.151,59;2.123,83;-;-0,23;
26.04.2017;2.142,48;2.152,38;2.152,38;2.135,14;-;-0,48;
25.04.2017;2.152,81;2.139,80;2.152,81;2.127,26;-;0,61;
24.04.2017;2.139,81;2.125,59;2.151,44;2.125,59;-;0,67;
20.04.2017;2.125,63;2.120,76;2.135,18;2.114,73;-;0,23;
19.04.2017;2.120,76;2.145,63;2.150,52;2.116,25;-;-1,14;
18.04.2017;2.145,21;2.139,76;2.152,78;2.129,55;-;0,25;
17.04.2017;2.139,77;2.095,55;2.142,53;2.095,55;-;2,12;
13.04.2017;2.095,41;2.120,46;2.123,16;2.094,43;-;-1,18;
12.04.2017;2.120,46;2.120,90;2.132,56;2.114,01;-;-0,01;
11.04.2017;2.120,72;2.121,21;2.134,66;2.090,13;-;-0,02;
10.04.2017;2.121,18;2.120,27;2.129,86;2.106,93;-;0,04;
07.04.2017;2.120,27;2.107,05;2.134,57;2.104,37;-;0,56;
06.04.2017;2.108,48;2.123,16;2.123,57;2.097,11;-;-0,69;
05.04.2017;2.123,16;2.136,81;2.148,51;2.117,00;-;-0,63;
04.04.2017;2.136,52;2.126,96;2.136,52;2.118,82;-;0,45;
03.04.2017;2.126,96;2.118,55;2.129,11;2.112,95;-;0,39;
31.03.2017;2.118,74;2.118,24;2.128,81;2.108,13;-;0,02;
30.03.2017;2.118,23;2.121,83;2.128,09;2.112,83;-;-0,17;
29.03.2017;2.121,82;2.097,15;2.121,86;2.092,76;-;1,18;
28.03.2017;2.097,15;2.084,61;2.103,97;2.082,70;-;0,60;
27.03.2017;2.084,59;2.080,91;2.085,10;2.069,56;-;0,17;
24.03.2017;2.080,97;2.069,08;2.080,97;2.067,17;-;0,57;
23.03.2017;2.069,08;2.061,49;2.078,30;2.046,99;-;0,37;
22.03.2017;2.061,50;2.051,84;2.062,28;2.027,02;-;0,47;
21.03.2017;2.051,89;2.082,68;2.087,13;2.043,89;-;-1,48;
20.03.2017;2.082,70;2.082,11;2.094,49;2.060,48;-;0,03;
17.03.2017;2.082,11;2.121,46;2.131,43;2.072,16;-;-1,85;
16.03.2017;2.121,46;2.118,55;2.130,46;2.118,23;-;0,14;
15.03.2017;2.118,56;2.085,02;2.124,22;2.073,26;-;1,61;
14.03.2017;2.085,03;2.103,45;2.110,46;2.085,03;-;-0,88;
13.03.2017;2.103,65;2.088,82;2.107,27;2.086,45;-;0,73;
10.03.2017;2.088,48;2.067,93;2.097,50;2.067,93;-;1,02;
09.03.2017;2.067,31;2.076,66;2.084,00;2.060,79;-;-0,50;
08.03.2017;2.077,70;2.094,64;2.096,57;2.062,74;-;-0,87;
07.03.2017;2.095,94;2.110,94;2.117,25;2.095,31;-;-0,74;
06.03.2017;2.111,56;2.113,30;2.123,31;2.107,13;-;-0,07;
03.03.2017;2.113,07;2.086,88;2.113,85;2.086,88;-;1,36;
02.03.2017;2.084,80;2.100,91;2.100,91;2.076,98;-;-0,75;
01.03.2017;2.100,51;2.092,87;2.113,71;2.092,87;-;0,36;
24.02.2017;2.092,89;2.113,70;2.113,70;2.080,28;-;-0,99;
23.02.2017;2.113,71;2.138,17;2.158,64;2.106,71;-;-1,14;
22.02.2017;2.138,17;2.153,23;2.153,25;2.129,57;-;-0,70;
21.02.2017;2.153,22;2.138,11;2.154,22;2.138,11;-;0,71;
20.02.2017;2.138,09;2.131,68;2.142,48;2.131,68;-;0,31;
17.02.2017;2.131,54;2.132,90;2.132,90;2.113,37;-;-0,06;
16.02.2017;2.132,90;2.129,21;2.142,73;2.125,18;-;0,17;
15.02.2017;2.129,21;2.087,91;2.132,16;2.087,91;-;1,98;
14.02.2017;2.087,93;2.090,18;2.094,14;2.073,26;-;-0,11;
13.02.2017;2.090,18;2.074,86;2.092,53;2.074,86;-;0,74;
10.02.2017;2.074,85;2.055,03;2.078,37;2.053,39;-;0,96;
09.02.2017;2.055,03;2.049,78;2.059,92;2.042,95;-;0,26;
08.02.2017;2.049,78;2.041,89;2.051,13;2.029,41;-;0,39;
07.02.2017;2.041,83;2.038,77;2.049,01;2.030,65;-;0,15;
06.02.2017;2.038,77;2.062,67;2.072,87;2.037,27;-;-1,16;
03.02.2017;2.062,67;2.046,21;2.078,60;2.045,65;-;0,77;
02.02.2017;2.046,89;2.031,61;2.058,00;2.026,44;-;0,62;
01.02.2017;2.034,31;2.038,48;2.057,67;2.031,06;-;-0,20;
31.01.2017;2.038,48;2.028,32;2.041,52;2.028,21;-;0,50;
30.01.2017;2.028,25;2.067,31;2.067,31;2.020,16;-;-1,89;
27.01.2017;2.067,31;2.072,72;2.072,72;2.061,31;-;-0,26;
26.01.2017;2.072,77;2.045,11;2.074,14;2.045,11;-;1,35;
24.01.2017;2.045,10;2.039,24;2.050,49;2.031,13;-;0,28;
23.01.2017;2.039,29;2.018,48;2.041,79;2.015,33;-;1,02;
20.01.2017;2.018,65;1.999,52;2.022,46;1.999,52;-;0,96;
19.01.2017;1.999,52;1.998,00;2.006,87;1.989,82;-;0,06;
18.01.2017;1.998,29;2.012,98;2.021,05;1.996,00;-;-0,73;
17.01.2017;2.012,98;1.994,67;2.019,34;1.992,23;-;0,92;
16.01.2017;1.994,66;1.998,08;2.001,03;1.989,17;-;-0,17;
13.01.2017;1.998,08;2.010,29;2.015,74;1.992,73;-;-0,67;
12.01.2017;2.011,60;1.973,08;2.029,19;1.973,08;-;1,96;
11.01.2017;1.972,91;1.978,64;1.991,73;1.956,81;-;-0,29;
10.01.2017;1.978,63;1.978,45;1.992,06;1.974,30;-;0,04;
09.01.2017;1.977,78;1.981,51;1.989,30;1.966,39;-;-0,19;
06.01.2017;1.981,50;1.995,84;1.995,84;1.970,61;-;-0,72;
05.01.2017;1.995,80;1.999,54;2.007,73;1.991,87;-;-0,18;
04.01.2017;1.999,48;1.998,13;2.007,17;1.989,39;-;0,06;
03.01.2017;1.998,34;1.941,66;1.998,39;1.941,66;-;2,92;
02.01.2017;1.941,65;1.958,19;1.958,19;1.934,83;-;-0,86;
29.12.2016;1.958,46;1.939,09;1.960,55;1.925,92;-;1,00;
28.12.2016;1.939,09;1.912,98;1.940,61;1.909,94;-;1,33;
27.12.2016;1.913,57;1.909,56;1.920,19;1.904,56;-;0,21;
26.12.2016;1.909,53;1.894,73;1.912,58;1.894,73;-;0,78;
23.12.2016;1.894,74;1.882,77;1.902,11;1.882,77;-;0,67;
22.12.2016;1.882,18;1.874,75;1.882,50;1.863,27;-;0,40;
21.12.2016;1.874,74;1.864,13;1.879,61;1.859,23;-;0,57;
20.12.2016;1.864,10;1.858,12;1.872,78;1.850,61;-;0,32;
19.12.2016;1.858,12;1.879,22;1.884,81;1.857,35;-;-1,12;
16.12.2016;1.879,22;1.863,13;1.898,92;1.863,13;-;0,88;
15.12.2016;1.862,76;1.867,32;1.868,92;1.847,59;-;-0,24;
14.12.2016;1.867,34;1.901,25;1.902,56;1.867,34;-;-1,79;
13.12.2016;1.901,28;1.893,00;1.905,21;1.883,00;-;-0,67;
09.12.2016;1.914,06;1.921,72;1.931,97;1.905,74;-;-0,36;
08.12.2016;1.920,91;1.943,42;1.958,16;1.912,74;-;-1,16;
07.12.2016;1.943,41;1.926,33;1.950,86;1.926,33;-;0,89;
06.12.2016;1.926,29;1.887,26;1.929,43;1.874,37;-;2,06;
05.12.2016;1.887,50;1.907,55;1.916,22;1.884,59;-;-1,03;
02.12.2016;1.907,12;1.895,69;1.910,00;1.861,35;-;0,57;
01.12.2016;1.896,23;1.975,76;1.975,76;1.883,95;-;-4,03;
30.11.2016;1.975,78;1.959,69;1.988,51;1.959,69;-;0,82;
29.11.2016;1.959,69;1.998,44;1.998,44;1.959,49;-;-2,00;
28.11.2016;1.999,62;1.972,11;2.002,32;1.959,44;-;1,39;
25.11.2016;1.972,11;1.971,98;1.978,18;1.947,74;-;0,00;
24.11.2016;1.972,09;1.979,92;1.983,44;1.968,52;-;-0,39;
23.11.2016;1.979,90;1.992,20;1.992,20;1.967,73;-;-0,61;
22.11.2016;1.992,13;1.973,00;2.011,82;1.973,00;-;0,97;
21.11.2016;1.973,00;1.956,87;1.979,08;1.956,87;-;0,83;
18.11.2016;1.956,80;1.953,81;1.965,65;1.947,11;-;0,15;
17.11.2016;1.953,80;1.966,31;1.985,30;1.950,15;-;-0,63;
16.11.2016;1.966,09;1.925,60;1.967,41;1.922,76;-;2,11;
14.11.2016;1.925,53;1.909,89;1.932,55;1.886,59;-;0,78;
11.11.2016;1.910,66;1.968,60;1.970,54;1.890,64;-;-2,95;
10.11.2016;1.968,76;2.046,72;2.052,50;1.951,21;-;-3,80;
09.11.2016;2.046,56;2.084,26;2.084,26;2.014,03;-;-1,81;
08.11.2016;2.084,27;2.085,41;2.095,01;2.066,74;-;-0,05;
07.11.2016;2.085,42;2.025,88;2.089,45;2.025,88;-;2,94;
04.11.2016;2.025,88;2.038,27;2.059,87;2.024,67;-;-0,62;
03.11.2016;2.038,49;2.085,07;2.085,07;2.038,44;-;-2,25;
01.11.2016;2.085,44;2.133,17;2.142,82;2.082,38;-;-2,24;
31.10.2016;2.133,18;2.112,58;2.135,22;2.109,97;-;1,00;
28.10.2016;2.112,15;2.109,90;2.125,49;2.095,13;-;0,09;
27.10.2016;2.110,19;2.104,89;2.123,88;2.103,73;-;0,23;
26.10.2016;2.105,34;2.123,28;2.123,28;2.088,26;-;-0,86;
25.10.2016;2.123,71;2.138,90;2.138,90;2.111,17;-;-0,71;
24.10.2016;2.138,91;2.145,27;2.155,64;2.136,40;-;-0,30;
21.10.2016;2.145,25;2.142,77;2.151,62;2.126,33;-;0,12;
20.10.2016;2.142,78;2.138,00;2.146,03;2.111,53;-;0,21;
19.10.2016;2.138,37;2.147,48;2.154,03;2.130,97;-;-0,42;
18.10.2016;2.147,35;2.120,23;2.148,85;2.118,40;-;1,28;
17.10.2016;2.120,22;2.097,25;2.120,22;2.097,25;-;1,10;
14.10.2016;2.097,22;2.093,97;2.113,88;2.093,97;-;0,18;
13.10.2016;2.093,46;2.090,79;2.100,02;2.073,99;-;0,13;
11.10.2016;2.090,77;2.112,40;2.112,40;2.088,40;-;-1,02;
10.10.2016;2.112,40;2.101,86;2.114,63;2.101,86;-;0,50;
07.10.2016;2.101,86;2.092,39;2.104,82;2.084,11;-;0,46;
06.10.2016;2.092,31;2.086,69;2.094,63;2.077,70;-;0,27;
05.10.2016;2.086,69;2.061,82;2.093,50;2.061,82;-;1,21;
04.10.2016;2.061,77;2.065,30;2.069,04;2.042,49;-;-0,17;
03.10.2016;2.065,30;2.029,01;2.067,70;2.029,01;-;1,80;
30.09.2016;2.028,74;2.026,25;2.044,11;2.025,31;-;0,12;
29.09.2016;2.026,37;2.054,37;2.061,94;2.026,37;-;-1,36;
28.09.2016;2.054,30;2.034,44;2.058,60;2.031,59;-;0,98;
27.09.2016;2.034,44;2.023,88;2.038,65;2.011,38;-;0,52;
26.09.2016;2.023,92;2.045,97;2.045,97;2.016,86;-;-1,08;
23.09.2016;2.045,97;2.059,05;2.066,87;2.039,44;-;-0,64;
22.09.2016;2.059,05;2.044,35;2.076,52;2.044,35;-;0,72;
21.09.2016;2.044,30;2.034,19;2.050,33;2.017,02;-;0,50;
20.09.2016;2.034,16;2.022,65;2.035,70;2.022,14;-;0,57;
19.09.2016;2.022,63;2.013,99;2.038,59;2.013,99;-;0,43;
16.09.2016;2.014,02;2.027,49;2.027,72;1.996,43;-;-0,66;
15.09.2016;2.027,49;2.005,34;2.030,70;2.005,34;-;1,13;
14.09.2016;2.004,74;2.001,19;2.007,71;1.991,15;-;0,15;
13.09.2016;2.001,77;2.039,84;2.039,84;1.984,44;-;-1,87;
12.09.2016;2.039,93;2.030,27;2.040,31;2.013,27;-;0,48;
09.09.2016;2.030,28;2.090,86;2.090,86;2.028,26;-;-2,90;
08.09.2016;2.090,90;2.082,85;2.091,81;2.074,07;-;0,39;
06.09.2016;2.082,80;2.058,00;2.083,17;2.054,22;-;1,21;
05.09.2016;2.057,86;2.067,04;2.075,66;2.056,59;-;-0,44;
02.09.2016;2.067,04;2.028,16;2.069,24;2.028,16;-;1,93;
01.09.2016;2.027,88;2.032,04;2.035,76;2.018,98;-;-0,21;
31.08.2016;2.032,05;2.042,91;2.053,13;2.015,12;-;-0,53;
30.08.2016;2.042,91;2.047,10;2.049,19;2.034,86;-;-0,20;
29.08.2016;2.047,10;2.020,36;2.056,47;2.017,30;-;1,36;
26.08.2016;2.019,69;2.024,48;2.047,25;2.005,84;-;-0,24;
25.08.2016;2.024,48;2.026,14;2.035,48;2.021,37;-;-0,07;
24.08.2016;2.025,83;2.024,30;2.038,53;2.009,28;-;0,08;
23.08.2016;2.024,30;2.023,87;2.040,28;2.023,87;-;0,02;
22.08.2016;2.023,88;2.056,36;2.056,72;2.017,49;-;-1,58;
19.08.2016;2.056,35;2.054,96;2.058,70;2.039,08;-;0,07;
18.08.2016;2.054,94;2.067,42;2.067,42;2.046,05;-;-0,60;
17.08.2016;2.067,42;2.056,34;2.067,42;2.023,04;-;0,54;
16.08.2016;2.056,34;2.070,80;2.070,80;2.047,70;-;-0,70;
15.08.2016;2.070,79;2.066,26;2.078,12;2.062,50;-;0,27;
12.08.2016;2.065,24;2.070,34;2.078,54;2.051,83;-;-0,25;
11.08.2016;2.070,35;2.032,80;2.070,97;2.032,80;-;1,84;
10.08.2016;2.032,85;2.051,31;2.058,45;2.027,18;-;-0,90;
09.08.2016;2.051,26;2.048,26;2.060,99;2.048,26;-;0,15;
08.08.2016;2.048,13;2.054,81;2.055,04;2.043,95;-;-0,33;
05.08.2016;2.054,81;2.045,49;2.057,20;2.038,29;-;0,51;
04.08.2016;2.044,43;2.022,48;2.055,89;2.022,48;-;1,09;
03.08.2016;2.022,29;2.017,63;2.025,10;1.999,87;-;0,23;
02.08.2016;2.017,69;2.047,90;2.047,90;2.001,82;-;-1,48;
01.08.2016;2.047,91;2.058,24;2.068,78;2.045,10;-;-0,50;
29.07.2016;2.058,17;2.033,96;2.061,81;2.027,30;-;1,19;
28.07.2016;2.033,96;2.020,69;2.033,96;2.003,85;-;0,66;
27.07.2016;2.020,67;2.024,64;2.034,54;2.020,14;-;-0,18;
26.07.2016;2.024,25;2.030,20;2.041,50;2.024,25;-;-0,29;
25.07.2016;2.030,20;2.035,35;2.036,34;2.017,47;-;-0,25;
22.07.2016;2.035,35;2.020,40;2.040,81;2.019,90;-;0,72;
21.07.2016;2.020,71;2.022,32;2.025,49;2.010,86;-;-0,07;
20.07.2016;2.022,19;2.034,78;2.040,75;2.018,04;-;-0,62;
19.07.2016;2.034,73;2.011,40;2.034,73;2.008,78;-;1,16;
18.07.2016;2.011,40;1.988,02;2.011,40;1.980,51;-;1,18;
15.07.2016;1.988,02;1.978,62;1.989,48;1.969,65;-;0,47;
14.07.2016;1.978,63;1.954,66;1.984,51;1.954,66;-;1,23;
13.07.2016;1.954,62;1.944,58;1.958,07;1.937,68;-;0,52;
12.07.2016;1.944,59;1.935,20;1.955,15;1.935,20;-;0,49;
11.07.2016;1.935,19;1.914,12;1.936,62;1.914,12;-;1,10;
08.07.2016;1.914,10;1.877,64;1.916,40;1.877,64;-;1,94;
07.07.2016;1.877,65;1.870,15;1.889,01;1.870,14;-;0,40;
06.07.2016;1.870,13;1.875,56;1.875,56;1.848,54;-;-0,29;
05.07.2016;1.875,56;1.894,66;1.894,66;1.867,31;-;-1,01;
04.07.2016;1.894,67;1.878,43;1.901,49;1.878,43;-;0,87;
01.07.2016;1.878,40;1.874,44;1.883,75;1.872,30;-;0,26;
30.06.2016;1.873,53;1.853,59;1.873,53;1.842,11;-;1,05;
29.06.2016;1.854,00;1.824,08;1.860,77;1.824,08;-;1,64;
28.06.2016;1.824,06;1.818,79;1.843,55;1.817,23;-;0,29;
27.06.2016;1.818,77;1.833,87;1.833,87;1.803,73;-;-0,82;
24.06.2016;1.833,87;1.870,48;1.870,48;1.811,61;-;-1,96;
23.06.2016;1.870,48;1.831,31;1.873,79;1.831,31;-;2,14;
22.06.2016;1.831,29;1.862,71;1.864,15;1.827,61;-;-1,70;
21.06.2016;1.862,93;1.838,09;1.862,93;1.826,84;-;1,34;
20.06.2016;1.838,33;1.810,43;1.848,38;1.810,43;-;1,54;
17.06.2016;1.810,37;1.812,87;1.830,25;1.809,49;-;-0,14;
16.06.2016;1.812,86;1.800,44;1.813,06;1.770,20;-;0,72;
15.06.2016;1.799,89;1.789,96;1.800,76;1.785,50;-;0,55;
14.06.2016;1.789,96;1.821,00;1.821,00;1.775,49;-;-1,70;
13.06.2016;1.820,91;1.813,66;1.823,68;1.795,34;-;0,40;
10.06.2016;1.813,65;1.855,68;1.855,68;1.813,43;-;-2,27;
09.06.2016;1.855,75;1.864,86;1.866,52;1.851,27;-;-0,48;
08.06.2016;1.864,61;1.837,35;1.871,84;1.837,35;-;1,49;
07.06.2016;1.837,19;1.841,45;1.841,45;1.829,09;-;-0,23;
06.06.2016;1.841,44;1.854,07;1.860,45;1.838,00;-;-0,65;
03.06.2016;1.853,54;1.830,61;1.853,54;1.830,61;-;1,26;
02.06.2016;1.830,50;1.798,60;1.832,04;1.796,35;-;1,77;
01.06.2016;1.798,62;1.783,13;1.799,00;1.778,37;-;0,86;
31.05.2016;1.783,37;1.782,03;1.789,50;1.773,65;-;0,08;
30.05.2016;1.782,02;1.789,35;1.792,15;1.781,91;-;-0,42;
27.05.2016;1.789,48;1.795,18;1.811,66;1.780,80;-;-0,32;
25.05.2016;1.795,29;1.795,52;1.823,35;1.790,40;-;-0,01;
24.05.2016;1.795,43;1.792,54;1.813,02;1.791,69;-;0,16;
23.05.2016;1.792,55;1.814,15;1.814,15;1.781,88;-;-1,19;
20.05.2016;1.814,15;1.822,16;1.833,43;1.814,09;-;-0,44;
19.05.2016;1.822,17;1.829,82;1.829,83;1.807,91;-;-0,42;
18.05.2016;1.829,83;1.837,28;1.846,55;1.816,79;-;-0,40;
17.05.2016;1.837,27;1.877,23;1.882,82;1.831,32;-;-2,13;
16.05.2016;1.877,24;1.873,95;1.883,68;1.859,46;-;0,17;
13.05.2016;1.873,96;1.903,67;1.903,76;1.855,41;-;-1,56;
12.05.2016;1.903,67;1.869,73;1.910,46;1.869,73;-;1,82;
11.05.2016;1.869,70;1.881,45;1.908,58;1.867,13;-;-0,62;
10.05.2016;1.881,44;1.818,88;1.881,44;1.818,88;-;3,44;
09.05.2016;1.818,88;1.828,48;1.830,75;1.790,40;-;-0,53;
06.05.2016;1.828,48;1.834,43;1.841,66;1.817,53;-;-0,36;
05.05.2016;1.835,15;1.852,48;1.864,07;1.827,77;-;-0,94;
04.05.2016;1.852,48;1.847,32;1.852,52;1.828,13;-;0,26;
03.05.2016;1.847,69;1.869,81;1.869,81;1.847,69;-;-1,18;
02.05.2016;1.869,83;1.874,51;1.875,61;1.864,82;-;-0,25;
29.04.2016;1.874,52;1.888,89;1.892,51;1.863,22;-;-0,76;
28.04.2016;1.888,90;1.894,18;1.901,60;1.880,24;-;-0,28;
27.04.2016;1.894,18;1.860,73;1.895,44;1.860,73;-;1,80;
26.04.2016;1.860,71;1.832,30;1.861,47;1.832,30;-;1,55;
25.04.2016;1.832,33;1.853,91;1.855,91;1.828,23;-;-1,15;
22.04.2016;1.853,71;1.867,88;1.867,88;1.842,30;-;-0,76;
20.04.2016;1.867,94;1.877,98;1.878,04;1.858,83;-;-0,53;
19.04.2016;1.877,98;1.866,39;1.891,41;1.866,39;-;0,62;
18.04.2016;1.866,39;1.874,18;1.875,30;1.859,62;-;-0,41;
15.04.2016;1.874,12;1.851,31;1.880,54;1.851,31;-;1,23;
14.04.2016;1.851,31;1.849,97;1.869,78;1.845,48;-;0,07;
13.04.2016;1.849,94;1.816,98;1.863,47;1.816,98;-;1,81;
12.04.2016;1.816,97;1.786,25;1.828,36;1.786,25;-;1,72;
11.04.2016;1.786,23;1.811,63;1.831,82;1.784,15;-;-1,40;
08.04.2016;1.811,63;1.770,72;1.823,27;1.770,72;-;2,31;
07.04.2016;1.770,71;1.753,10;1.775,93;1.753,10;-;1,00;
06.04.2016;1.753,12;1.774,66;1.774,66;1.745,66;-;-1,22;
05.04.2016;1.774,70;1.770,17;1.789,05;1.752,45;-;0,24;
04.04.2016;1.770,38;1.817,45;1.817,45;1.757,99;-;-2,59;
01.04.2016;1.817,46;1.800,24;1.817,79;1.785,68;-;0,96;
31.03.2016;1.800,26;1.835,12;1.835,12;1.784,67;-;-1,90;
30.03.2016;1.835,12;1.835,60;1.860,25;1.822,86;-;-0,03;
29.03.2016;1.835,61;1.823,00;1.845,64;1.818,77;-;0,71;
28.03.2016;1.822,64;1.799,08;1.831,45;1.799,08;-;1,31;
24.03.2016;1.799,08;1.803,68;1.803,68;1.782,83;-;-0,26;
23.03.2016;1.803,68;1.832,18;1.832,18;1.797,08;-;-1,58;
22.03.2016;1.832,56;1.835,13;1.843,56;1.829,25;-;-0,14;
21.03.2016;1.835,15;1.822,20;1.841,94;1.822,20;-;0,71;
18.03.2016;1.822,20;1.828,52;1.846,60;1.812,56;-;-0,34;
17.03.2016;1.828,50;1.754,16;1.843,49;1.754,16;-;4,24;
16.03.2016;1.754,15;1.732,94;1.757,24;1.715,34;-;1,21;
15.03.2016;1.733,15;1.786,77;1.786,77;1.724,84;-;-3,01;
14.03.2016;1.786,98;1.809,99;1.823,32;1.780,71;-;-1,13;
11.03.2016;1.807,40;1.818,08;1.819,20;1.801,09;-;-0,69;
10.03.2016;1.819,95;1.788,48;1.827,24;1.768,98;-;1,84;
09.03.2016;1.787,10;1.777,07;1.803,09;1.777,07;-;0,70;
08.03.2016;1.774,61;1.764,77;1.787,88;1.761,02;-;0,46;
07.03.2016;1.766,56;1.761,89;1.773,58;1.757,33;-;0,28;
04.03.2016;1.761,61;1.739,37;1.794,22;1.739,37;-;0,80;
03.03.2016;1.747,55;1.705,36;1.749,29;1.705,36;-;2,68;
02.03.2016;1.701,97;1.693,80;1.712,05;1.686,63;-;0,51;
01.03.2016;1.693,30;1.658,56;1.699,51;1.658,56;-;2,07;
29.02.2016;1.658,95;1.619,88;1.665,03;1.619,88;-;2,28;
26.02.2016;1.621,94;1.638,64;1.655,38;1.611,70;-;-0,88;
25.02.2016;1.636,29;1.636,34;1.644,24;1.623,28;-;0,20;
24.02.2016;1.633,00;1.648,88;1.648,88;1.605,00;-;-0,90;
23.02.2016;1.647,82;1.669,07;1.678,16;1.643,56;-;-1,36;
22.02.2016;1.670,52;1.623,95;1.672,19;1.623,95;-;2,86;
19.02.2016;1.624,11;1.620,25;1.636,38;1.606,78;-;0,33;
18.02.2016;1.618,76;1.611,49;1.623,40;1.602,13;-;0,35;
17.02.2016;1.613,05;1.595,24;1.629,15;1.595,24;-;1,07;
16.02.2016;1.595,89;1.571,10;1.598,86;1.567,26;-;1,52;
15.02.2016;1.571,94;1.558,56;1.583,77;1.558,56;-;1,02;
12.02.2016;1.556,02;1.541,86;1.556,02;1.541,86;-;1,30;
11.02.2016;1.536,08;1.577,29;1.577,29;1.527,04;-;-2,21;
10.02.2016;1.570,85;1.587,15;1.587,15;1.566,17;-;-1,00;
05.02.2016;1.586,79;1.593,06;1.607,37;1.584,78;-;-0,34;
04.02.2016;1.592,15;1.564,36;1.608,33;1.564,36;-;1,53;
03.02.2016;1.568,13;1.541,82;1.568,13;1.535,94;-;1,31;
02.02.2016;1.547,88;1.591,94;1.591,94;1.543,49;-;-2,55;
01.02.2016;1.588,43;1.583,24;1.589,22;1.566,55;-;0,81;
29.01.2016;1.575,62;1.513,03;1.581,46;1.512,86;-;4,58;
28.01.2016;1.506,62;1.501,33;1.515,20;1.487,48;-;0,06;
27.01.2016;1.505,67;1.479,35;1.512,18;1.476,55;-;1,56;
26.01.2016;1.482,51;1.510,17;1.510,17;1.474,94;-;-1,81;
22.01.2016;1.509,91;1.500,74;1.516,11;1.500,74;-;0,52;
21.01.2016;1.502,05;1.496,05;1.504,96;1.488,66;-;0,73;
20.01.2016;1.491,18;1.510,32;1.510,32;1.474,09;-;-1,16;
19.01.2016;1.508,64;1.505,31;1.533,00;1.505,31;-;-0,27;
18.01.2016;1.512,69;1.523,05;1.525,07;1.505,63;-;-0,16;
15.01.2016;1.515,17;1.546,94;1.546,94;1.500,52;-;-1,79;
14.01.2016;1.542,79;1.540,59;1.547,34;1.522,80;-;0,34;
13.01.2016;1.537,57;1.555,72;1.572,60;1.537,14;-;-1,06;
12.01.2016;1.554,10;1.559,11;1.570,60;1.550,82;-;-0,43;
11.01.2016;1.560,87;1.580,83;1.592,62;1.557,32;-;-1,35;
08.01.2016;1.582,16;1.576,17;1.588,20;1.572,52;-;0,22;
07.01.2016;1.578,65;1.612,30;1.612,30;1.575,76;-;-2,25;
06.01.2016;1.614,91;1.626,83;1.626,83;1.601,69;-;-0,61;
05.01.2016;1.624,80;1.604,04;1.626,85;1.604,04;-;1,29;
04.01.2016;1.604,15;1.654,57;1.654,57;1.603,35;-;-2,94;
30.12.2015;1.652,80;1.667,91;1.668,34;1.649,83;-;-0,80;
29.12.2015;1.666,19;1.679,75;1.688,91;1.664,34;-;-0,91;
28.12.2015;1.681,49;1.684,19;1.686,50;1.678,12;-;0,00;
23.12.2015;1.681,48;1.665,52;1.688,33;1.665,52;-;0,89;
22.12.2015;1.666,71;1.662,93;1.673,00;1.660,39;-;0,15;
21.12.2015;1.664,26;1.673,46;1.686,10;1.663,44;-;-0,53;
18.12.2015;1.673,07;1.720,91;1.720,91;1.667,16;-;-2,73;
17.12.2015;1.720,05;1.708,33;1.748,03;1.708,33;-;1,38;
16.12.2015;1.696,59;1.696,80;1.703,02;1.669,84;-;-0,26;
15.12.2015;1.701,00;1.714,49;1.722,39;1.700,35;-;-0,58;
14.12.2015;1.710,96;1.727,01;1.728,42;1.704,67;-;-1,19;
11.12.2015;1.731,63;1.735,60;1.751,96;1.721,34;-;-0,29;
10.12.2015;1.736,64;1.755,19;1.768,08;1.722,24;-;-1,11;
09.12.2015;1.756,19;1.708,63;1.764,54;1.708,63;-;2,82;
08.12.2015;1.707,99;1.731,95;1.736,31;1.697,10;-;-1,39;
07.12.2015;1.732,09;1.725,44;1.755,02;1.725,44;-;0,61;
04.12.2015;1.721,62;1.752,81;1.752,81;1.707,35;-;-1,76;
03.12.2015;1.752,50;1.703,82;1.765,43;1.703,82;-;3,09;
02.12.2015;1.700,03;1.700,93;1.718,97;1.691,40;-;0,24;
01.12.2015;1.695,88;1.691,80;1.706,25;1.687,12;-;-0,86;
30.11.2015;1.710,52;1.736,70;1.736,70;1.706,73;-;-1,38;
27.11.2015;1.734,47;1.773,75;1.773,75;1.729,91;-;-2,05;
26.11.2015;1.770,79;1.772,12;1.774,06;1.763,18;-;0,07;
25.11.2015;1.769,62;1.799,86;1.799,86;1.764,63;-;-1,67;
24.11.2015;1.799,71;1.804,65;1.806,21;1.777,30;-;-0,34;
23.11.2015;1.805,90;1.797,85;1.821,55;1.797,85;-;0,39;
19.11.2015;1.798,85;1.779,90;1.803,17;1.779,86;-;0,95;
18.11.2015;1.781,86;1.777,96;1.789,23;1.774,33;-;0,10;
17.11.2015;1.780,05;1.761,90;1.792,23;1.761,90;-;0,87;
16.11.2015;1.764,78;1.760,90;1.769,41;1.755,63;-;0,14;
13.11.2015;1.762,25;1.764,01;1.769,97;1.751,54;-;-0,21;
12.11.2015;1.765,88;1.773,24;1.791,20;1.761,07;-;-0,36;
11.11.2015;1.772,21;1.740,92;1.775,63;1.740,92;-;1,97;
10.11.2015;1.737,95;1.744,15;1.744,20;1.712,85;-;-0,35;
09.11.2015;1.744,11;1.760,21;1.764,19;1.736,70;-;-0,75;
06.11.2015;1.757,24;1.794,23;1.794,23;1.741,03;-;-1,94;
05.11.2015;1.791,98;1.774,00;1.792,85;1.769,85;-;1,27;
04.11.2015;1.769,52;1.776,25;1.815,22;1.765,81;-;-0,30;
03.11.2015;1.774,83;1.722,30;1.777,45;1.722,21;-;3,66;
30.10.2015;1.712,10;1.741,45;1.743,20;1.709,84;-;-2,13;
29.10.2015;1.749,37;1.781,38;1.781,66;1.747,55;-;-1,43;
28.10.2015;1.774,73;1.800,74;1.805,15;1.771,84;-;-1,21;
27.10.2015;1.796,41;1.791,99;1.804,24;1.787,54;-;0,44;
26.10.2015;1.788,54;1.802,68;1.808,65;1.788,54;-;-0,75;
23.10.2015;1.801,97;1.806,80;1.838,12;1.799,70;-;-0,30;
22.10.2015;1.807,44;1.780,14;1.809,92;1.780,14;-;1,69;
21.10.2015;1.777,37;1.780,05;1.782,73;1.765,68;-;0,35;
20.10.2015;1.771,21;1.785,27;1.796,76;1.758,42;-;-0,66;
19.10.2015;1.782,97;1.772,78;1.783,65;1.762,27;-;0,02;
16.10.2015;1.782,59;1.756,93;1.783,36;1.743,06;-;1,74;
15.10.2015;1.752,18;1.733,37;1.758,56;1.733,37;-;0,73;
14.10.2015;1.739,52;1.760,71;1.771,16;1.739,52;-;-1,13;
13.10.2015;1.759,47;1.792,04;1.792,04;1.755,74;-;-1,69;
09.10.2015;1.789,77;1.780,03;1.792,99;1.771,47;-;0,62;
08.10.2015;1.778,72;1.779,58;1.792,67;1.775,77;-;0,10;
07.10.2015;1.777,01;1.760,17;1.779,39;1.756,91;-;1,22;
06.10.2015;1.755,59;1.768,29;1.778,48;1.745,93;-;-0,58;
05.10.2015;1.765,91;1.763,12;1.781,92;1.761,94;-;0,26;
02.10.2015;1.761,29;1.704,97;1.761,29;1.700,46;-;2,94;
01.10.2015;1.711,01;1.708,88;1.717,51;1.690,78;-;0,31;
30.09.2015;1.705,66;1.677,20;1.714,24;1.677,20;-;1,75;
29.09.2015;1.676,39;1.668,37;1.682,00;1.664,49;-;0,14;
28.09.2015;1.674,12;1.685,32;1.685,32;1.662,51;-;-0,70;
25.09.2015;1.685,95;1.693,71;1.711,67;1.684,31;-;-0,72;
24.09.2015;1.698,24;1.700,30;1.700,30;1.662,23;-;-0,25;
23.09.2015;1.702,51;1.715,43;1.723,60;1.699,07;-;-0,65;
22.09.2015;1.713,72;1.724,19;1.724,19;1.688,76;-;-0,63;
21.09.2015;1.724,61;1.741,41;1.748,43;1.719,27;-;-0,76;
18.09.2015;1.737,86;1.787,53;1.787,53;1.731,71;-;-3,11;
17.09.2015;1.793,67;1.783,69;1.809,34;1.769,73;-;0,54;
16.09.2015;1.784,01;1.755,87;1.786,80;1.755,87;-;1,70;
15.09.2015;1.754,12;1.751,83;1.758,14;1.734,50;-;0,16;
14.09.2015;1.751,27;1.721,50;1.757,12;1.721,39;-;1,89;
11.09.2015;1.718,75;1.708,19;1.720,93;1.699,83;-;0,86;
10.09.2015;1.704,09;1.711,28;1.711,57;1.682,77;-;-0,51;
09.09.2015;1.712,78;1.718,49;1.746,70;1.709,43;-;-0,35;
08.09.2015;1.718,76;1.722,19;1.737,73;1.711,93;-;-0,24;
04.09.2015;1.722,92;1.743,12;1.743,34;1.711,39;-;-0,97;
03.09.2015;1.739,78;1.720,43;1.752,22;1.715,51;-;1,25;
02.09.2015;1.718,31;1.700,55;1.718,69;1.696,99;-;1,15;
01.09.2015;1.698,75;1.732,21;1.732,21;1.689,09;-;-2,03;
31.08.2015;1.733,86;1.752,83;1.752,83;1.702,85;-;-1,12;
28.08.2015;1.753,51;1.768,45;1.768,73;1.743,41;-;-0,45;
27.08.2015;1.761,43;1.729,14;1.778,91;1.729,14;-;1,79;
26.08.2015;1.730,42;1.688,82;1.730,47;1.685,91;-;2,31;
25.08.2015;1.691,27;1.686,46;1.722,63;1.686,46;-;0,11;
24.08.2015;1.689,40;1.726,02;1.726,02;1.625,18;-;-2,36;
21.08.2015;1.730,27;1.762,26;1.762,26;1.727,23;-;-2,00;
20.08.2015;1.765,60;1.773,79;1.774,40;1.747,37;-;-0,34;
19.08.2015;1.771,71;1.795,79;1.795,83;1.752,86;-;-1,42;
18.08.2015;1.797,17;1.782,23;1.804,55;1.772,97;-;0,60;
17.08.2015;1.786,53;1.782,12;1.793,47;1.779,83;-;-0,03;
14.08.2015;1.787,12;1.805,69;1.807,38;1.786,19;-;-0,90;
13.08.2015;1.803,32;1.797,85;1.806,23;1.786,29;-;0,42;
12.08.2015;1.795,73;1.811,72;1.812,06;1.786,58;-;-0,60;
11.08.2015;1.806,51;1.814,66;1.815,32;1.790,34;-;-0,65;
10.08.2015;1.818,36;1.796,89;1.820,67;1.796,53;-;1,19;
07.08.2015;1.797,04;1.827,32;1.827,32;1.790,62;-;-1,52;
06.08.2015;1.824,76;1.854,82;1.854,82;1.821,50;-;-1,74;
05.08.2015;1.857,14;1.854,63;1.869,95;1.852,32;-;0,33;
04.08.2015;1.851,11;1.855,26;1.866,74;1.846,93;-;-0,08;
03.08.2015;1.852,60;1.873,77;1.874,59;1.851,08;-;-0,79;
31.07.2015;1.867,32;1.839,74;1.874,16;1.839,74;-;1,64;
30.07.2015;1.837,15;1.836,82;1.840,46;1.824,65;-;0,32;
29.07.2015;1.831,32;1.826,40;1.835,50;1.815,36;-;0,04;
28.07.2015;1.830,54;1.819,56;1.842,22;1.809,70;-;0,64;
27.07.2015;1.818,85;1.833,40;1.833,49;1.810,32;-;-0,67;
24.07.2015;1.831,15;1.851,90;1.852,19;1.811,44;-;-0,92;
23.07.2015;1.848,20;1.889,10;1.889,46;1.841,77;-;-1,95;
22.07.2015;1.884,88;1.894,99;1.895,08;1.879,34;-;-0,41;
21.07.2015;1.892,60;1.894,80;1.901,75;1.889,27;-;-0,21;
20.07.2015;1.896,49;1.914,55;1.916,87;1.892,89;-;-0,99;
17.07.2015;1.915,41;1.935,05;1.943,69;1.910,59;-;-0,92;
16.07.2015;1.933,18;1.932,95;1.947,63;1.924,12;-;0,04;
15.07.2015;1.932,32;1.932,82;1.936,28;1.925,27;-;-0,21;
14.07.2015;1.936,29;1.922,60;1.936,38;1.917,88;-;0,71;
13.07.2015;1.922,65;1.918,33;1.929,10;1.916,76;-;0,18;
10.07.2015;1.919,15;1.904,11;1.922,54;1.900,95;-;0,80;
08.07.2015;1.903,91;1.914,61;1.916,69;1.898,11;-;-0,44;
07.07.2015;1.912,30;1.904,23;1.912,95;1.888,97;-;0,64;
06.07.2015;1.900,05;1.909,38;1.913,42;1.885,58;-;-0,43;
03.07.2015;1.908,29;1.915,42;1.915,42;1.893,48;-;-0,35;
02.07.2015;1.914,90;1.902,22;1.916,89;1.902,12;-;0,60;
01.07.2015;1.903,46;1.904,11;1.915,18;1.893,76;-;-0,09;
30.06.2015;1.905,23;1.888,11;1.905,67;1.888,11;-;1,09;
29.06.2015;1.884,74;1.918,63;1.918,63;1.875,74;-;-1,56;
26.06.2015;1.914,66;1.900,86;1.920,25;1.900,11;-;0,54;
25.06.2015;1.904,37;1.908,71;1.909,87;1.885,69;-;-0,33;
24.06.2015;1.910,69;1.912,01;1.918,73;1.901,74;-;-0,09;
23.06.2015;1.912,41;1.919,17;1.932,33;1.912,09;-;-0,46;
22.06.2015;1.921,30;1.908,51;1.928,23;1.908,51;-;0,76;
19.06.2015;1.906,87;1.919,39;1.919,39;1.900,88;-;-0,68;
18.06.2015;1.919,97;1.899,04;1.921,29;1.897,38;-;1,20;
17.06.2015;1.897,19;1.905,28;1.908,37;1.888,39;-;-0,48;
16.06.2015;1.906,43;1.896,45;1.915,52;1.896,38;-;0,57;
15.06.2015;1.895,64;1.901,54;1.901,76;1.880,76;-;-0,28;
12.06.2015;1.900,97;1.910,34;1.910,71;1.892,04;-;-0,57;
11.06.2015;1.911,82;1.919,20;1.929,18;1.905,59;-;-0,25;
10.06.2015;1.916,52;1.891,26;1.921,59;1.891,26;-;1,48;
09.06.2015;1.888,57;1.896,10;1.899,80;1.886,07;-;-0,59;
08.06.2015;1.899,77;1.895,40;1.905,86;1.893,09;-;0,19;
05.06.2015;1.896,13;1.899,49;1.902,83;1.882,44;-;-0,18;
03.06.2015;1.899,64;1.917,63;1.917,63;1.895,37;-;-0,80;
02.06.2015;1.914,91;1.889,36;1.914,91;1.889,36;-;1,61;
01.06.2015;1.884,51;1.868,69;1.889,95;1.868,69;-;0,14;
29.05.2015;1.881,79;1.909,42;1.910,03;1.870,93;-;-1,37;
28.05.2015;1.907,92;1.913,28;1.913,28;1.890,12;-;-0,16;
27.05.2015;1.910,93;1.899,35;1.912,97;1.880,66;-;0,54;
26.05.2015;1.900,72;1.932,78;1.932,78;1.894,35;-;-1,65;
25.05.2015;1.932,55;1.923,35;1.937,74;1.909,29;-;0,64;
22.05.2015;1.920,23;1.943,47;1.951,03;1.908,45;-;-1,08;
21.05.2015;1.941,28;1.934,15;1.941,89;1.921,75;-;0,07;
20.05.2015;1.940,01;1.941,02;1.952,20;1.932,42;-;0,02;
19.05.2015;1.939,66;1.946,51;1.947,51;1.930,67;-;-0,07;
18.05.2015;1.941,09;1.965,72;1.973,92;1.937,51;-;-1,09;
15.05.2015;1.962,48;1.944,77;1.965,04;1.941,61;-;0,83;
14.05.2015;1.946,35;1.930,76;1.947,19;1.924,92;-;0,85;
13.05.2015;1.929,94;1.943,40;1.947,01;1.922,95;-;-0,86;
12.05.2015;1.946,68;1.945,99;1.957,34;1.936,96;-;-0,02;
11.05.2015;1.947,01;1.956,41;1.960,90;1.944,05;-;-0,22;
08.05.2015;1.951,32;1.928,72;1.954,45;1.928,72;-;1,18;
07.05.2015;1.928,53;1.927,42;1.938,67;1.920,40;-;0,17;
06.05.2015;1.925,18;1.932,57;1.934,37;1.916,84;-;-0,37;
05.05.2015;1.932,28;1.923,89;1.934,91;1.917,92;-;0,04;
04.05.2015;1.931,49;1.907,93;1.931,71;1.907,93;-;1,71;
30.04.2015;1.899,07;1.882,32;1.902,39;1.880,99;-;0,66;
29.04.2015;1.886,58;1.873,28;1.886,63;1.863,81;-;0,70;
28.04.2015;1.873,46;1.873,45;1.881,96;1.856,76;-;-0,03;
27.04.2015;1.874,01;1.908,13;1.914,25;1.872,63;-;-1,83;
24.04.2015;1.908,90;1.905,10;1.914,86;1.895,70;-;0,44;
23.04.2015;1.900,55;1.876,98;1.903,00;1.871,01;-;1,02;
22.04.2015;1.881,27;1.867,85;1.883,79;1.867,55;-;0,94;
20.04.2015;1.863,80;1.871,72;1.877,35;1.853,43;-;-0,36;
17.04.2015;1.870,55;1.894,92;1.895,00;1.864,21;-;-0,96;
16.04.2015;1.888,77;1.893,19;1.896,89;1.885,75;-;-0,20;
15.04.2015;1.892,54;1.874,82;1.895,11;1.874,82;-;1,07;
14.04.2015;1.872,45;1.895,47;1.901,78;1.869,62;-;-1,03;
13.04.2015;1.891,94;1.903,62;1.910,50;1.888,98;-;-0,58;
10.04.2015;1.903,02;1.893,46;1.906,52;1.889,32;-;0,62;
09.04.2015;1.891,26;1.891,60;1.906,84;1.888,12;-;0,06;
08.04.2015;1.890,09;1.886,12;1.908,93;1.885,67;-;0,21;
07.04.2015;1.886,20;1.901,72;1.906,59;1.883,28;-;-0,86;
06.04.2015;1.902,61;1.873,94;1.909,42;1.873,94;-;1,45;
02.04.2015;1.875,50;1.850,96;1.879,57;1.850,96;-;1,44;
01.04.2015;1.848,90;1.816,74;1.858,31;1.816,74;-;1,68;
31.03.2015;1.818,39;1.814,88;1.827,65;1.804,45;-;0,29;
30.03.2015;1.813,09;1.782,62;1.814,88;1.782,20;-;1,66;
27.03.2015;1.783,53;1.783,92;1.797,13;1.772,87;-;-0,20;
26.03.2015;1.787,16;1.809,95;1.809,95;1.772,78;-;-1,24;
25.03.2015;1.809,67;1.801,86;1.824,23;1.801,86;-;0,69;
24.03.2015;1.797,26;1.810,33;1.818,00;1.787,75;-;-0,56;
23.03.2015;1.807,41;1.815,60;1.821,20;1.804,49;-;-0,50;
20.03.2015;1.816,41;1.788,08;1.826,63;1.788,05;-;1,59;
19.03.2015;1.788,06;1.800,71;1.803,51;1.783,65;-;-0,56;
18.03.2015;1.798,16;1.754,55;1.807,33;1.746,29;-;2,36;
17.03.2015;1.756,67;1.719,37;1.759,52;1.718,01;-;2,04;
16.03.2015;1.721,47;1.708,47;1.725,53;1.707,08;-;0,90;
13.03.2015;1.706,13;1.720,13;1.720,13;1.692,32;-;-0,77;
12.03.2015;1.719,44;1.708,36;1.729,84;1.708,36;-;0,80;
11.03.2015;1.705,78;1.698,55;1.706,90;1.692,58;-;0,28;
10.03.2015;1.701,09;1.704,13;1.714,97;1.685,65;-;-0,19;
09.03.2015;1.704,39;1.731,24;1.731,45;1.698,13;-;-1,53;
06.03.2015;1.730,94;1.739,51;1.739,51;1.726,66;-;-0,43;
05.03.2015;1.738,46;1.736,98;1.744,05;1.724,69;-;0,10;
04.03.2015;1.736,78;1.764,42;1.764,42;1.733,26;-;-1,64;
03.03.2015;1.765,69;1.761,57;1.768,96;1.755,21;-;0,20;
02.03.2015;1.762,13;1.772,12;1.772,12;1.754,41;-;-0,84;
27.02.2015;1.777,04;1.792,35;1.798,59;1.764,11;-;-0,93;
26.02.2015;1.793,79;1.787,31;1.795,83;1.773,13;-;0,44;
25.02.2015;1.786,01;1.781,61;1.786,03;1.766,38;-;0,51;
24.02.2015;1.776,86;1.768,00;1.784,16;1.757,28;-;0,73;
23.02.2015;1.764,07;1.758,85;1.781,29;1.750,64;-;0,12;
20.02.2015;1.761,96;1.769,61;1.770,65;1.746,04;-;-0,43;
19.02.2015;1.769,65;1.744,88;1.773,32;1.740,67;-;1,02;
18.02.2015;1.751,78;1.728,95;1.766,38;1.728,38;-;1,54;
13.02.2015;1.725,27;1.703,01;1.726,99;1.703,01;-;1,06;
12.02.2015;1.707,17;1.670,90;1.713,37;1.670,90;-;2,36;
11.02.2015;1.667,82;1.683,32;1.685,50;1.659,96;-;-1,17;
10.02.2015;1.687,59;1.694,87;1.708,17;1.687,40;-;-0,51;
09.02.2015;1.696,21;1.686,33;1.701,11;1.677,64;-;0,90;
06.02.2015;1.681,10;1.707,12;1.707,12;1.675,82;-;-1,69;
05.02.2015;1.709,93;1.698,29;1.712,93;1.692,77;-;0,50;
04.02.2015;1.701,48;1.697,77;1.710,00;1.674,51;-;0,31;
03.02.2015;1.696,16;1.684,31;1.698,02;1.676,69;-;1,02;
02.02.2015;1.679,11;1.669,76;1.681,91;1.664,12;-;0,86;
30.01.2015;1.664,75;1.691,81;1.691,81;1.657,60;-;-1,41;
29.01.2015;1.688,58;1.674,37;1.692,59;1.660,20;-;0,48;
28.01.2015;1.680,53;1.691,43;1.691,43;1.666,13;-;-0,42;
27.01.2015;1.687,61;1.679,98;1.694,33;1.651,34;-;0,49;
26.01.2015;1.679,37;1.689,46;1.689,46;1.669,35;-;-0,49;
23.01.2015;1.687,66;1.701,65;1.703,71;1.683,57;-;-0,71;
22.01.2015;1.699,65;1.706,00;1.725,79;1.695,57;-;-0,16;
21.01.2015;1.702,29;1.662,19;1.705,01;1.662,19;-;2,37;
20.01.2015;1.662,92;1.665,09;1.685,08;1.655,67;-;0,34;
19.01.2015;1.657,23;1.700,78;1.700,78;1.654,37;-;-2,54;
16.01.2015;1.700,34;1.661,01;1.710,37;1.661,01;-;2,07;
15.01.2015;1.665,82;1.654,09;1.682,92;1.653,67;-;0,74;
14.01.2015;1.653,63;1.651,28;1.671,42;1.635,82;-;-0,08;
13.01.2015;1.655,02;1.664,13;1.675,01;1.650,92;-;-0,33;
12.01.2015;1.660,43;1.681,32;1.681,32;1.657,75;-;-1,21;
09.01.2015;1.680,80;1.713,01;1.713,01;1.671,80;-;-1,96;
08.01.2015;1.714,47;1.708,13;1.726,03;1.697,34;-;0,19;
07.01.2015;1.711,23;1.673,05;1.717,55;1.673,05;-;2,58;
06.01.2015;1.668,11;1.678,89;1.688,79;1.658,17;-;-0,69;
05.01.2015;1.679,73;1.719,15;1.719,15;1.675,31;-;-2,28;
02.01.2015;1.718,99;1.767,94;1.767,94;1.711,08;-;-2,75;
30.12.2014;1.767,60;1.788,97;1.793,85;1.763,75;-;-1,31;
29.12.2014;1.791,04;1.768,21;1.792,05;1.763,31;-;1,51;
26.12.2014;1.764,39;1.774,67;1.782,67;1.756,81;-;-0,46;
23.12.2014;1.772,62;1.761,03;1.773,08;1.752,48;-;0,72;
22.12.2014;1.759,89;1.756,63;1.759,89;1.736,53;-;0,12;
19.12.2014;1.757,71;1.726,72;1.757,71;1.725,18;-;2,04;
18.12.2014;1.722,49;1.734,29;1.753,81;1.720,99;-;-1,17;
17.12.2014;1.742,89;1.678,76;1.747,02;1.678,76;-;3,82;
16.12.2014;1.678,75;1.694,52;1.694,52;1.653,14;-;-0,99;
15.12.2014;1.695,49;1.718,60;1.725,71;1.670,51;-;-1,32;
12.12.2014;1.718,14;1.763,33;1.763,33;1.709,17;-;-2,54;
11.12.2014;1.762,89;1.752,03;1.763,41;1.734,87;-;0,51;
10.12.2014;1.753,92;1.758,01;1.758,01;1.741,11;-;-0,01;
09.12.2014;1.754,08;1.761,49;1.763,91;1.738,36;-;-0,38;
08.12.2014;1.760,85;1.804,11;1.804,22;1.752,46;-;-2,30;
05.12.2014;1.802,39;1.793,60;1.804,47;1.784,88;-;0,62;
04.12.2014;1.791,29;1.819,53;1.826,36;1.783,39;-;-1,47;
03.12.2014;1.817,98;1.803,92;1.821,84;1.803,92;-;0,99;
02.12.2014;1.800,19;1.818,73;1.826,71;1.798,09;-;-0,87;
01.12.2014;1.816,06;1.891,43;1.891,43;1.812,03;-;-4,07;
28.11.2014;1.893,10;1.884,47;1.902,73;1.883,21;-;0,87;
27.11.2014;1.876,83;1.879,07;1.903,65;1.876,83;-;0,11;
26.11.2014;1.874,76;1.879,03;1.896,96;1.874,18;-;-0,54;
25.11.2014;1.884,85;1.885,66;1.913,53;1.879,27;-;-0,03;
24.11.2014;1.885,33;1.906,22;1.937,67;1.883,73;-;-1,25;
21.11.2014;1.909,28;1.857,96;1.911,31;1.857,96;-;3,16;
19.11.2014;1.850,75;1.819,25;1.853,89;1.819,25;-;1,97;
18.11.2014;1.814,92;1.782,44;1.819,71;1.782,35;-;1,73;
17.11.2014;1.784,04;1.787,74;1.801,39;1.773,55;-;-0,24;
14.11.2014;1.788,42;1.788,49;1.790,56;1.759,20;-;-0,45;
13.11.2014;1.796,49;1.818,45;1.826,21;1.791,88;-;-1,08;
12.11.2014;1.816,12;1.796,14;1.820,97;1.790,81;-;1,28;
11.11.2014;1.793,24;1.801,88;1.809,42;1.785,69;-;-0,70;
10.11.2014;1.805,83;1.821,37;1.837,60;1.804,45;-;-0,65;
07.11.2014;1.817,62;1.807,42;1.824,71;1.800,65;-;0,43;
06.11.2014;1.809,80;1.840,47;1.840,47;1.800,44;-;-1,83;
05.11.2014;1.843,58;1.860,96;1.861,12;1.832,51;-;-0,78;
04.11.2014;1.858,03;1.847,05;1.860,40;1.826,96;-;1,21;
03.11.2014;1.835,74;1.867,11;1.867,11;1.821,40;-;-1,02;
31.10.2014;1.854,60;1.793,69;1.857,28;1.793,69;-;3,55;
30.10.2014;1.791,04;1.762,64;1.800,37;1.762,64;-;1,50;
29.10.2014;1.764,57;1.767,39;1.778,44;1.755,95;-;-0,12;
28.10.2014;1.766,64;1.710,09;1.772,02;1.710,09;-;3,45;
27.10.2014;1.707,65;1.702,49;1.715,58;1.635,07;-;0,55;
24.10.2014;1.698,28;1.676,24;1.733,78;1.667,27;-;1,46;
23.10.2014;1.673,87;1.724,52;1.724,52;1.673,87;-;-3,02;
22.10.2014;1.726,05;1.726,97;1.745,94;1.715,64;-;0,11;
21.10.2014;1.724,16;1.778,86;1.778,86;1.717,60;-;-3,25;
20.10.2014;1.782,01;1.816,72;1.816,72;1.775,76;-;-1,79;
17.10.2014;1.814,48;1.772,47;1.820,02;1.772,47;-;2,16;
16.10.2014;1.776,08;1.810,97;1.810,97;1.763,63;-;-2,05;
15.10.2014;1.813,31;1.852,09;1.852,18;1.782,60;-;-2,28;
14.10.2014;1.855,71;1.863,78;1.874,47;1.843,18;-;-0,51;
13.10.2014;1.865,15;1.823,81;1.887,60;1.823,81;-;2,21;
10.10.2014;1.824,86;1.871,60;1.871,60;1.819,31;-;-2,58;
09.10.2014;1.873,23;1.861,65;1.892,96;1.861,65;-;0,39;
08.10.2014;1.865,87;1.862,51;1.881,43;1.841,00;-;0,23;
07.10.2014;1.861,57;1.856,55;1.886,99;1.855,22;-;0,40;
06.10.2014;1.854,12;1.794,22;1.889,21;1.794,22;-;3,72;
03.10.2014;1.787,54;1.764,36;1.790,99;1.761,14;-;1,17;
02.10.2014;1.766,93;1.765,64;1.774,75;1.746,16;-;0,24;
01.10.2014;1.762,72;1.793,43;1.793,46;1.751,31;-;-1,84;
30.09.2014;1.795,82;1.796,87;1.798,89;1.777,20;-;0,08;
29.09.2014;1.794,44;1.837,78;1.837,90;1.773,32;-;-2,24;
26.09.2014;1.835,54;1.808,44;1.843,25;1.807,03;-;1,41;
25.09.2014;1.809,99;1.829,80;1.829,80;1.806,82;-;-1,10;
24.09.2014;1.830,15;1.822,79;1.836,55;1.802,73;-;0,33;
23.09.2014;1.824,13;1.825,57;1.837,40;1.807,02;-;-0,04;
22.09.2014;1.824,78;1.858,78;1.858,78;1.805,66;-;-1,60;
19.09.2014;1.854,44;1.864,42;1.874,42;1.844,71;-;-0,28;
18.09.2014;1.859,74;1.890,71;1.890,71;1.858,30;-;-1,70;
17.09.2014;1.891,87;1.902,75;1.915,44;1.888,73;-;-0,68;
16.09.2014;1.904,90;1.876,73;1.924,36;1.876,73;-;1,50;
15.09.2014;1.876,69;1.861,87;1.878,01;1.855,24;-;0,82;
12.09.2014;1.861,34;1.903,70;1.903,84;1.853,57;-;-2,23;
11.09.2014;1.903,87;1.892,96;1.908,09;1.887,79;-;0,98;
10.09.2014;1.885,40;1.899,45;1.899,59;1.867,70;-;-0,46;
09.09.2014;1.894,09;1.914,75;1.918,56;1.889,26;-;-1,06;
08.09.2014;1.914,42;1.953,41;1.976,07;1.911,41;-;-2,10;
05.09.2014;1.955,43;1.955,68;1.964,20;1.944,28;-;0,12;
04.09.2014;1.953,11;1.974,01;1.974,01;1.952,28;-;-0,95;
03.09.2014;1.971,83;1.973,48;1.985,15;1.959,74;-;0,05;
02.09.2014;1.970,84;1.964,34;1.979,37;1.953,91;-;0,36;
01.09.2014;1.963,82;1.973,07;1.991,13;1.963,78;-;-0,19;
29.08.2014;1.967,59;1.939,63;1.971,12;1.939,50;-;1,29;
28.08.2014;1.942,45;1.949,83;1.954,53;1.938,31;-;-0,45;
27.08.2014;1.951,18;1.923,12;1.953,84;1.923,12;-;1,31;
26.08.2014;1.925,99;1.913,30;1.928,65;1.912,78;-;0,79;
25.08.2014;1.910,89;1.880,34;1.913,02;1.880,34;-;1,54;
22.08.2014;1.881,87;1.891,56;1.894,48;1.873,84;-;-0,44;
21.08.2014;1.890,15;1.888,19;1.898,55;1.883,23;-;0,08;
20.08.2014;1.888,69;1.886,01;1.899,64;1.877,02;-;0,34;
19.08.2014;1.882,30;1.872,83;1.885,22;1.868,59;-;0,51;
18.08.2014;1.872,74;1.854,72;1.874,35;1.854,50;-;1,13;
15.08.2014;1.851,76;1.832,55;1.853,76;1.829,07;-;1,16;
14.08.2014;1.830,53;1.824,77;1.837,89;1.822,56;-;0,56;
13.08.2014;1.820,38;1.830,61;1.844,16;1.808,51;-;-0,56;
12.08.2014;1.830,62;1.826,10;1.831,74;1.819,71;-;0,29;
11.08.2014;1.825,36;1.796,61;1.826,53;1.796,61;-;1,59;
08.08.2014;1.796,81;1.808,93;1.808,93;1.786,50;-;-0,71;
07.08.2014;1.809,69;1.810,22;1.822,61;1.803,35;-;0,07;
06.08.2014;1.808,36;1.814,67;1.817,37;1.795,13;-;-0,31;
05.08.2014;1.813,96;1.831,04;1.834,30;1.810,01;-;-0,71;
04.08.2014;1.826,95;1.812,56;1.828,53;1.806,54;-;0,96;
01.08.2014;1.809,57;1.795,72;1.812,05;1.790,77;-;0,66;
31.07.2014;1.797,62;1.827,63;1.827,63;1.787,96;-;-1,86;
30.07.2014;1.831,63;1.845,49;1.853,87;1.822,40;-;-0,81;
29.07.2014;1.846,56;1.870,60;1.870,82;1.845,05;-;-1,14;
28.07.2014;1.867,82;1.870,72;1.878,44;1.857,08;-;-0,04;
25.07.2014;1.868,56;1.878,38;1.878,67;1.866,50;-;-0,57;
24.07.2014;1.879,29;1.866,65;1.881,64;1.864,57;-;0,70;
23.07.2014;1.866,17;1.882,01;1.882,01;1.858,24;-;-0,78;
22.07.2014;1.880,92;1.860,60;1.882,23;1.860,60;-;1,19;
21.07.2014;1.858,81;1.834,92;1.859,86;1.834,92;-;1,24;
18.07.2014;1.836,13;1.813,20;1.854,76;1.813,20;-;1,29;
17.07.2014;1.812,72;1.817,59;1.822,61;1.803,36;-;-0,29;
16.07.2014;1.818,03;1.830,60;1.844,12;1.817,52;-;-0,70;
15.07.2014;1.830,84;1.835,40;1.835,67;1.825,49;-;-0,31;
14.07.2014;1.836,58;1.818,42;1.840,35;1.818,42;-;0,94;
11.07.2014;1.819,53;1.808,25;1.820,44;1.806,46;-;0,61;
10.07.2014;1.808,45;1.791,22;1.808,97;1.790,91;-;0,97;
08.07.2014;1.791,09;1.796,14;1.796,87;1.787,54;-;-0,14;
07.07.2014;1.793,58;1.804,25;1.804,25;1.787,31;-;-0,61;
04.07.2014;1.804,57;1.794,27;1.805,18;1.789,42;-;0,88;
03.07.2014;1.788,74;1.773,22;1.789,37;1.764,94;-;1,00;
02.07.2014;1.771,09;1.790,47;1.791,58;1.767,04;-;-1,02;
01.07.2014;1.789,32;1.794,07;1.806,24;1.783,95;-;-0,10;
30.06.2014;1.791,13;1.793,86;1.794,55;1.782,50;-;-0,13;
27.06.2014;1.793,48;1.798,73;1.802,19;1.785,84;-;-0,29;
26.06.2014;1.798,68;1.803,80;1.808,78;1.794,33;-;-0,28;
25.06.2014;1.803,73;1.816,61;1.825,24;1.798,89;-;-0,69;
24.06.2014;1.816,21;1.795,86;1.823,14;1.795,86;-;1,15;
23.06.2014;1.795,49;1.807,82;1.809,32;1.793,11;-;-0,67;
20.06.2014;1.807,58;1.824,43;1.824,50;1.804,84;-;-0,86;
18.06.2014;1.823,24;1.808,56;1.823,94;1.797,87;-;0,83;
17.06.2014;1.808,26;1.809,52;1.811,18;1.802,43;-;-0,01;
16.06.2014;1.808,37;1.806,12;1.812,12;1.801,53;-;0,12;
13.06.2014;1.806,24;1.809,92;1.812,18;1.804,84;-;-0,16;
11.06.2014;1.809,16;1.801,69;1.822,20;1.801,69;-;0,70;
10.06.2014;1.796,58;1.784,23;1.799,79;1.784,23;-;0,66;
09.06.2014;1.784,80;1.750,36;1.790,43;1.749,60;-;1,88;
06.06.2014;1.751,92;1.720,17;1.759,88;1.720,17;-;1,85;
05.06.2014;1.720,09;1.724,05;1.738,06;1.717,90;-;0,01;
04.06.2014;1.719,90;1.719,56;1.722,11;1.711,10;-;0,22;
03.06.2014;1.716,13;1.701,56;1.718,14;1.697,36;-;0,70;
02.06.2014;1.704,18;1.697,01;1.710,84;1.697,01;-;0,26;
30.05.2014;1.699,84;1.708,09;1.711,21;1.695,12;-;-0,40;
29.05.2014;1.706,69;1.716,73;1.722,70;1.702,13;-;-0,59;
28.05.2014;1.716,84;1.697,05;1.721,75;1.696,91;-;1,17;
27.05.2014;1.696,97;1.720,37;1.725,43;1.694,76;-;-1,37;
26.05.2014;1.720,55;1.711,10;1.722,75;1.710,84;-;0,73;
23.05.2014;1.708,03;1.712,26;1.716,41;1.704,16;-;-0,22;
22.05.2014;1.711,81;1.692,92;1.713,11;1.692,92;-;0,88;
21.05.2014;1.696,90;1.696,22;1.705,28;1.694,82;-;0,04;
20.05.2014;1.696,26;1.715,91;1.728,32;1.693,32;-;-1,15;
19.05.2014;1.716,00;1.733,00;1.733,75;1.713,83;-;-0,97;
16.05.2014;1.732,79;1.724,65;1.740,79;1.723,22;-;0,51;
15.05.2014;1.724,00;1.738,03;1.738,03;1.718,56;-;-0,65;
14.05.2014;1.735,26;1.730,45;1.741,28;1.729,25;-;0,36;
13.05.2014;1.729,04;1.730,24;1.735,18;1.724,05;-;-0,04;
12.05.2014;1.729,68;1.713,10;1.731,19;1.713,10;-;1,04;
09.05.2014;1.711,94;1.719,07;1.724,29;1.709,47;-;-0,35;
08.05.2014;1.717,95;1.725,14;1.731,82;1.713,64;-;-0,45;
07.05.2014;1.725,76;1.719,68;1.729,20;1.711,35;-;0,37;
06.05.2014;1.719,40;1.711,62;1.723,82;1.708,07;-;0,45;
05.05.2014;1.711,75;1.699,97;1.714,18;1.697,63;-;0,41;
02.05.2014;1.704,84;1.672,31;1.707,75;1.672,30;-;2,17;
30.04.2014;1.668,67;1.666,90;1.673,22;1.659,03;-;0,23;
29.04.2014;1.664,90;1.647,79;1.673,68;1.647,79;-;0,78;
28.04.2014;1.652,05;1.649,75;1.653,89;1.640,52;-;-0,13;
25.04.2014;1.654,28;1.662,98;1.662,98;1.642,31;-;-0,47;
24.04.2014;1.662,13;1.666,41;1.671,44;1.648,23;-;-0,33;
23.04.2014;1.667,70;1.683,04;1.684,17;1.664,06;-;-0,97;
22.04.2014;1.684,11;1.679,29;1.692,93;1.674,80;-;0,28;
17.04.2014;1.679,45;1.662,85;1.682,83;1.659,08;-;0,90;
16.04.2014;1.664,48;1.638,13;1.665,02;1.638,13;-;1,58;
15.04.2014;1.638,67;1.660,69;1.660,69;1.625,05;-;-1,31;
14.04.2014;1.660,42;1.665,77;1.671,13;1.653,45;-;-0,19;
11.04.2014;1.663,63;1.649,58;1.665,74;1.635,92;-;1,06;
10.04.2014;1.646,13;1.651,90;1.661,85;1.641,28;-;-0,26;
09.04.2014;1.650,46;1.653,39;1.663,19;1.634,86;-;-0,03;
08.04.2014;1.651,02;1.661,09;1.687,36;1.645,19;-;-0,58;
07.04.2014;1.660,71;1.651,01;1.667,62;1.651,01;-;0,70;
04.04.2014;1.649,23;1.656,56;1.682,84;1.648,58;-;-0,29;
03.04.2014;1.654,01;1.667,45;1.677,39;1.650,66;-;-0,72;
02.04.2014;1.666,01;1.636,96;1.670,68;1.636,20;-;1,96;
01.04.2014;1.633,93;1.644,23;1.649,36;1.626,59;-;-0,36;
31.03.2014;1.639,89;1.625,21;1.642,27;1.625,21;-;1,00;
28.03.2014;1.623,73;1.619,17;1.644,41;1.619,17;-;0,41;
27.03.2014;1.617,02;1.575,84;1.619,98;1.575,84;-;2,52;
26.03.2014;1.577,28;1.583,95;1.601,66;1.575,70;-;-0,35;
25.03.2014;1.582,76;1.580,28;1.591,48;1.574,76;-;0,17;
24.03.2014;1.580,09;1.571,35;1.584,66;1.565,94;-;0,57;
21.03.2014;1.571,14;1.570,66;1.583,84;1.556,91;-;0,03;
20.03.2014;1.570,73;1.561,21;1.576,26;1.543,49;-;0,64;
19.03.2014;1.560,76;1.551,76;1.564,63;1.545,63;-;0,64;
18.03.2014;1.550,82;1.515,54;1.552,92;1.514,65;-;2,33;
17.03.2014;1.515,57;1.509,60;1.519,57;1.509,33;-;0,36;
14.03.2014;1.510,13;1.521,93;1.526,11;1.509,19;-;-0,82;
13.03.2014;1.522,63;1.528,91;1.536,83;1.515,30;-;-0,39;
12.03.2014;1.528,64;1.525,64;1.529,24;1.518,58;-;0,02;
11.03.2014;1.528,27;1.522,16;1.540,29;1.522,03;-;0,35;
10.03.2014;1.523,00;1.537,21;1.537,21;1.517,68;-;-0,75;
07.03.2014;1.534,52;1.557,07;1.563,12;1.533,50;-;-1,43;
06.03.2014;1.556,83;1.546,76;1.562,42;1.544,11;-;0,66;
05.03.2014;1.546,60;1.543,55;1.549,59;1.540,17;-;0,33;
28.02.2014;1.541,51;1.548,16;1.553,77;1.534,51;-;-0,39;
27.02.2014;1.547,48;1.519,42;1.551,16;1.519,42;-;2,23;
26.02.2014;1.513,78;1.507,16;1.523,52;1.507,16;-;0,44;
25.02.2014;1.507,19;1.514,10;1.514,82;1.502,95;-;-0,82;
24.02.2014;1.519,70;1.513,05;1.520,78;1.507,53;-;0,49;
21.02.2014;1.512,25;1.508,77;1.524,61;1.502,03;-;0,10;
20.02.2014;1.510,72;1.500,63;1.514,54;1.487,21;-;0,81;
19.02.2014;1.498,53;1.487,83;1.500,13;1.475,06;-;0,41;
18.02.2014;1.492,47;1.517,53;1.518,83;1.492,02;-;-1,67;
17.02.2014;1.517,89;1.531,78;1.533,52;1.517,89;-;-0,88;
14.02.2014;1.531,30;1.521,30;1.537,45;1.521,30;-;0,87;
13.02.2014;1.518,03;1.535,22;1.535,22;1.504,74;-;-1,16;
12.02.2014;1.535,79;1.544,77;1.550,57;1.531,37;-;-0,47;
11.02.2014;1.543,01;1.524,61;1.547,61;1.521,48;-;1,32;
10.02.2014;1.522,98;1.536,93;1.536,93;1.516,94;-;-0,83;
07.02.2014;1.535,68;1.529,20;1.542,46;1.522,84;-;0,45;
06.02.2014;1.528,84;1.498,62;1.531,55;1.497,30;-;2,24;
05.02.2014;1.495,30;1.511,71;1.516,86;1.488,48;-;-1,20;
04.02.2014;1.513,40;1.492,02;1.515,16;1.490,01;-;1,31;
03.02.2014;1.493,85;1.533,60;1.533,60;1.492,83;-;-2,43;
31.01.2014;1.531,09;1.525,37;1.533,44;1.511,87;-;0,35;
30.01.2014;1.525,69;1.538,00;1.548,20;1.524,44;-;-0,91;
29.01.2014;1.539,74;1.551,78;1.552,04;1.533,64;-;-0,93;
28.01.2014;1.554,20;1.549,67;1.569,73;1.549,67;-;0,18;
27.01.2014;1.551,34;1.553,02;1.562,76;1.546,68;-;-0,06;
24.01.2014;1.552,21;1.572,63;1.572,70;1.546,80;-;-1,61;
23.01.2014;1.577,63;1.599,22;1.607,94;1.576,75;-;-1,65;
22.01.2014;1.604,03;1.581,83;1.605,49;1.581,83;-;1,50;
21.01.2014;1.580,38;1.588,05;1.595,43;1.577,93;-;-0,46;
20.01.2014;1.587,62;1.592,61;1.600,02;1.586,94;-;-0,48;
17.01.2014;1.595,29;1.608,16;1.612,51;1.592,86;-;-0,98;
16.01.2014;1.611,09;1.616,52;1.629,67;1.606,83;-;-0,35;
15.01.2014;1.616,78;1.612,51;1.621,72;1.612,51;-;0,30;
14.01.2014;1.611,89;1.597,95;1.615,11;1.594,63;-;0,84;
13.01.2014;1.598,42;1.604,88;1.613,10;1.594,53;-;-0,21;
10.01.2014;1.601,79;1.596,69;1.612,12;1.593,15;-;0,34;
09.01.2014;1.596,29;1.627,96;1.627,96;1.594,54;-;-2,11;
08.01.2014;1.630,71;1.631,33;1.635,39;1.624,27;-;-0,12;
07.01.2014;1.632,64;1.635,43;1.651,35;1.629,58;-;-0,15;
06.01.2014;1.635,10;1.647,87;1.648,44;1.628,77;-;-0,55;
03.01.2014;1.644,16;1.643,50;1.651,86;1.639,71;-;0,14;
02.01.2014;1.641,79;1.669,97;1.673,52;1.640,59;-;-1,77;
30.12.2013;1.671,32;1.657,76;1.675,44;1.657,76;-;0,88;
27.12.2013;1.656,70;1.652,87;1.658,95;1.652,87;-;0,14;
26.12.2013;1.654,44;1.657,98;1.665,17;1.653,35;-;-0,31;
23.12.2013;1.659,55;1.655,78;1.669,83;1.655,78;-;0,33;
20.12.2013;1.654,09;1.655,16;1.661,06;1.651,62;-;0,05;
19.12.2013;1.653,34;1.636,81;1.655,84;1.636,81;-;0,87;
18.12.2013;1.639,15;1.639,35;1.648,14;1.637,93;-;0,02;
17.12.2013;1.638,84;1.635,08;1.646,03;1.635,08;-;0,08;
16.12.2013;1.637,58;1.635,01;1.646,52;1.635,01;-;0,09;
13.12.2013;1.636,05;1.637,21;1.650,00;1.633,59;-;0,01;
12.12.2013;1.635,83;1.637,53;1.645,80;1.632,17;-;-0,22;
11.12.2013;1.639,42;1.657,68;1.657,87;1.638,03;-;-1,04;
10.12.2013;1.656,72;1.665,20;1.667,24;1.656,69;-;-0,49;
09.12.2013;1.664,81;1.655,82;1.666,24;1.651,95;-;0,40;
06.12.2013;1.658,11;1.652,59;1.665,85;1.650,01;-;0,34;
05.12.2013;1.652,57;1.643,70;1.659,40;1.643,70;-;0,21;
04.12.2013;1.649,08;1.658,59;1.665,63;1.644,79;-;-0,68;
03.12.2013;1.660,43;1.688,87;1.688,87;1.655,04;-;-1,65;
02.12.2013;1.688,27;1.709,90;1.709,90;1.688,26;-;-1,08;
29.11.2013;1.706,63;1.696,87;1.707,34;1.696,32;-;0,58;
28.11.2013;1.696,76;1.693,48;1.707,56;1.692,91;-;0,42;
27.11.2013;1.689,74;1.689,38;1.697,66;1.684,48;-;0,29;
26.11.2013;1.684,91;1.686,16;1.690,91;1.677,31;-;-0,13;
25.11.2013;1.687,09;1.695,28;1.702,61;1.684,37;-;-0,48;
22.11.2013;1.695,25;1.690,22;1.700,72;1.675,90;-;0,22;
21.11.2013;1.691,54;1.692,71;1.693,13;1.677,57;-;0,08;
19.11.2013;1.690,21;1.717,77;1.717,77;1.687,65;-;-1,63;
18.11.2013;1.718,18;1.710,17;1.721,47;1.710,06;-;0,53;
14.11.2013;1.709,07;1.680,83;1.712,23;1.680,83;-;1,65;
13.11.2013;1.681,33;1.671,90;1.681,63;1.662,14;-;0,62;
12.11.2013;1.671,05;1.686,88;1.687,57;1.666,75;-;-0,87;
11.11.2013;1.685,75;1.677,45;1.688,37;1.672,86;-;0,26;
08.11.2013;1.681,39;1.688,60;1.688,60;1.663,28;-;-0,46;
07.11.2013;1.689,13;1.696,56;1.708,35;1.683,16;-;-0,38;
06.11.2013;1.695,63;1.715,76;1.715,76;1.689,80;-;-1,12;
05.11.2013;1.714,83;1.729,25;1.731,77;1.712,22;-;-0,89;
04.11.2013;1.730,23;1.724,71;1.731,97;1.720,12;-;0,33;
01.11.2013;1.724,53;1.731,56;1.734,34;1.717,79;-;-0,26;
31.10.2013;1.728,95;1.726,37;1.731,19;1.714,71;-;0,46;
30.10.2013;1.721,07;1.722,21;1.728,09;1.716,90;-;-0,01;
29.10.2013;1.721,32;1.733,52;1.736,32;1.716,50;-;-0,74;
28.10.2013;1.734,16;1.732,26;1.737,19;1.727,66;-;0,05;
25.10.2013;1.733,30;1.738,29;1.739,67;1.729,78;-;-0,14;
24.10.2013;1.735,73;1.742,40;1.749,84;1.727,00;-;-0,42;
23.10.2013;1.743,12;1.756,76;1.756,76;1.743,11;-;-0,93;
22.10.2013;1.759,57;1.745,08;1.760,67;1.740,52;-;0,90;
21.10.2013;1.743,95;1.738,89;1.747,38;1.738,24;-;0,43;
18.10.2013;1.736,55;1.734,16;1.745,79;1.733,70;-;0,16;
17.10.2013;1.733,70;1.733,02;1.735,75;1.724,68;-;-0,11;
16.10.2013;1.735,65;1.731,47;1.747,13;1.725,28;-;0,42;
15.10.2013;1.728,45;1.737,81;1.739,62;1.724,84;-;-0,45;
14.10.2013;1.736,35;1.728,08;1.740,20;1.719,10;-;0,52;
11.10.2013;1.727,35;1.714,66;1.729,09;1.710,20;-;0,81;
10.10.2013;1.713,44;1.703,92;1.715,32;1.699,79;-;0,57;
09.10.2013;1.703,69;1.689,49;1.704,86;1.688,14;-;0,88;
08.10.2013;1.688,80;1.693,98;1.696,66;1.679,41;-;-0,08;
07.10.2013;1.690,10;1.689,03;1.693,96;1.679,92;-;-0,05;
04.10.2013;1.691,00;1.679,04;1.692,68;1.675,53;-;0,79;
03.10.2013;1.677,79;1.695,95;1.700,39;1.671,73;-;-0,96;
02.10.2013;1.694,10;1.698,19;1.700,07;1.688,22;-;-0,06;
01.10.2013;1.695,13;1.672,47;1.696,66;1.671,31;-;1,37;
30.09.2013;1.672,28;1.696,95;1.696,95;1.669,88;-;-1,27;
27.09.2013;1.693,82;1.690,24;1.701,57;1.689,44;-;0,03;
26.09.2013;1.693,23;1.694,50;1.700,21;1.682,54;-;0,14;
25.09.2013;1.690,80;1.700,92;1.704,86;1.685,30;-;-0,53;
24.09.2013;1.699,75;1.696,37;1.702,10;1.690,38;-;0,34;
23.09.2013;1.694,01;1.684,08;1.697,03;1.683,21;-;0,32;
20.09.2013;1.688,58;1.713,41;1.717,19;1.685,63;-;-1,12;
19.09.2013;1.707,75;1.720,18;1.723,48;1.701,28;-;-0,85;
18.09.2013;1.722,36;1.687,01;1.723,37;1.683,58;-;2,35;
17.09.2013;1.682,79;1.682,47;1.688,34;1.675,97;-;0,09;
16.09.2013;1.681,30;1.678,56;1.695,42;1.676,44;-;0,26;
13.09.2013;1.676,87;1.667,55;1.679,05;1.660,32;-;0,65;
12.09.2013;1.666,12;1.683,32;1.690,35;1.665,17;-;-0,74;
11.09.2013;1.678,46;1.689,15;1.692,08;1.675,90;-;-0,46;
10.09.2013;1.686,20;1.690,82;1.704,46;1.680,98;-;-0,18;
09.09.2013;1.689,21;1.658,97;1.691,75;1.658,42;-;1,68;
06.09.2013;1.661,29;1.639,25;1.662,44;1.639,25;-;1,63;
05.09.2013;1.634,60;1.622,37;1.639,56;1.615,71;-;0,83;
04.09.2013;1.621,16;1.610,39;1.624,36;1.603,72;-;0,59;
03.09.2013;1.611,61;1.626,93;1.633,75;1.610,44;-;-1,07;
02.09.2013;1.629,00;1.606,26;1.635,60;1.606,26;-;1,68;
30.08.2013;1.602,02;1.592,51;1.606,19;1.585,76;-;0,64;
29.08.2013;1.591,76;1.575,76;1.599,50;1.575,76;-;1,06;
28.08.2013;1.575,07;1.574,06;1.581,31;1.565,15;-;-0,01;
27.08.2013;1.575,27;1.598,31;1.598,31;1.568,55;-;-1,83;
26.08.2013;1.604,62;1.615,53;1.615,53;1.601,62;-;-0,52;
23.08.2013;1.612,96;1.590,05;1.613,39;1.587,07;-;1,66;
22.08.2013;1.586,60;1.585,92;1.599,41;1.577,66;-;0,09;
21.08.2013;1.585,17;1.587,82;1.592,91;1.573,58;-;0,03;
20.08.2013;1.584,73;1.601,82;1.604,25;1.584,66;-;-0,79;
19.08.2013;1.597,42;1.616,20;1.616,49;1.596,72;-;-1,10;
16.08.2013;1.615,14;1.609,25;1.619,44;1.606,40;-;0,25;
15.08.2013;1.611,04;1.624,79;1.624,79;1.598,09;-;-1,15;
14.08.2013;1.629,84;1.625,96;1.639,25;1.615,77;-;0,23;
13.08.2013;1.626,17;1.619,26;1.630,66;1.617,23;-;0,36;
12.08.2013;1.620,38;1.618,84;1.640,15;1.614,66;-;0,25;
09.08.2013;1.616,29;1.603,49;1.620,53;1.598,89;-;0,89;
08.08.2013;1.602,07;1.571,78;1.608,04;1.568,71;-;1,79;
07.08.2013;1.573,96;1.581,14;1.582,68;1.569,25;-;-0,57;
06.08.2013;1.582,97;1.609,00;1.609,84;1.580,37;-;-1,40;
05.08.2013;1.605,48;1.612,16;1.618,11;1.605,37;-;-0,45;
02.08.2013;1.612,71;1.624,08;1.628,02;1.611,55;-;-0,69;